SBT/job_0,0
SBT/job_0,100
SBT/job_0,200
SBT/job_0,300
SBT/job_0,400
SBT/job_0,500
SBT/job_0,600
SBT/job_0,700
SBT/job_0,800
SBT/job_0,900
SBT/job_1,0
SBT/job_1,100
SBT/job_1,200
SBT/job_1,300
SBT/job_1,400
SBT/job_1,500
SBT/job_1,600
SBT/job_1,700
SBT/job_1,800
SBT/job_1,900
SBT/job_10,0
SBT/job_10,100
SBT/job_10,200
SBT/job_10,300
SBT/job_10,400
SBT/job_10,500
SBT/job_10,600
SBT/job_10,700
SBT/job_10,800
SBT/job_10,900
SBT/job_100,0
SBT/job_100,100
SBT/job_100,200
SBT/job_100,300
SBT/job_100,400
SBT/job_100,500
SBT/job_100,600
SBT/job_100,700
SBT/job_100,800
SBT/job_100,900
SBT/job_101,0
SBT/job_101,100
SBT/job_101,200
SBT/job_101,300
SBT/job_101,400
SBT/job_101,500
SBT/job_101,600
SBT/job_101,700
SBT/job_101,800
SBT/job_101,900
SBT/job_102,0
SBT/job_102,100
SBT/job_102,200
SBT/job_102,300
SBT/job_102,400
SBT/job_102,500
SBT/job_102,600
SBT/job_102,700
SBT/job_102,800
SBT/job_102,900
SBT/job_103,0
SBT/job_103,100
SBT/job_103,200
SBT/job_103,300
SBT/job_103,400
SBT/job_103,500
SBT/job_103,600
SBT/job_103,700
SBT/job_103,800
SBT/job_103,900
SBT/job_104,0
SBT/job_104,100
SBT/job_104,200
SBT/job_104,300
SBT/job_104,400
SBT/job_104,500
SBT/job_104,600
SBT/job_104,700
SBT/job_104,800
SBT/job_104,900
SBT/job_105,0
SBT/job_105,100
SBT/job_105,200
SBT/job_105,300
SBT/job_105,400
SBT/job_105,500
SBT/job_105,600
SBT/job_105,700
SBT/job_105,800
SBT/job_105,900
SBT/job_106,0
SBT/job_106,100
SBT/job_106,200
SBT/job_106,300
SBT/job_106,400
SBT/job_106,500
SBT/job_106,600
SBT/job_106,700
SBT/job_106,800
SBT/job_106,900
SBT/job_107,0
SBT/job_107,100
SBT/job_107,200
SBT/job_107,300
SBT/job_107,400
SBT/job_107,500
SBT/job_107,600
SBT/job_107,700
SBT/job_107,800
SBT/job_107,900
SBT/job_108,0
SBT/job_108,100
SBT/job_108,200
SBT/job_108,300
SBT/job_108,400
SBT/job_108,500
SBT/job_108,600
SBT/job_108,700
SBT/job_108,800
SBT/job_108,900
SBT/job_109,0
SBT/job_109,100
SBT/job_109,200
SBT/job_109,300
SBT/job_109,400
SBT/job_109,500
SBT/job_109,600
SBT/job_109,700
SBT/job_109,800
SBT/job_109,900
SBT/job_11,0
SBT/job_11,100
SBT/job_11,200
SBT/job_11,300
SBT/job_11,400
SBT/job_11,500
SBT/job_11,600
SBT/job_11,700
SBT/job_11,800
SBT/job_11,900
SBT/job_110,0
SBT/job_110,100
SBT/job_110,200
SBT/job_110,300
SBT/job_110,400
SBT/job_110,500
SBT/job_110,600
SBT/job_110,700
SBT/job_110,800
SBT/job_110,900
SBT/job_111,0
SBT/job_111,100
SBT/job_111,200
SBT/job_111,300
SBT/job_111,400
SBT/job_111,500
SBT/job_111,600
SBT/job_111,700
SBT/job_111,800
SBT/job_111,900
SBT/job_112,0
SBT/job_112,100
SBT/job_112,200
SBT/job_112,300
SBT/job_112,400
SBT/job_112,500
SBT/job_112,600
SBT/job_112,700
SBT/job_112,800
SBT/job_112,900
SBT/job_113,0
SBT/job_113,100
SBT/job_113,200
SBT/job_113,300
SBT/job_113,400
SBT/job_113,500
SBT/job_113,600
SBT/job_113,700
SBT/job_113,800
SBT/job_113,900
SBT/job_114,0
SBT/job_114,100
SBT/job_114,200
SBT/job_114,300
SBT/job_114,400
SBT/job_114,500
SBT/job_114,600
SBT/job_114,700
SBT/job_114,800
SBT/job_114,900
SBT/job_115,0
SBT/job_115,100
SBT/job_115,200
SBT/job_115,300
SBT/job_115,400
SBT/job_115,500
SBT/job_115,600
SBT/job_115,700
SBT/job_115,800
SBT/job_115,900
SBT/job_116,0
SBT/job_116,100
SBT/job_116,200
SBT/job_116,300
SBT/job_116,400
SBT/job_116,500
SBT/job_116,600
SBT/job_116,700
SBT/job_116,800
SBT/job_116,900
SBT/job_117,0
SBT/job_117,100
SBT/job_117,200
SBT/job_117,300
SBT/job_117,400
SBT/job_117,500
SBT/job_117,600
SBT/job_117,700
SBT/job_117,800
SBT/job_117,900
SBT/job_118,0
SBT/job_118,100
SBT/job_118,200
SBT/job_118,300
SBT/job_118,400
SBT/job_118,500
SBT/job_118,600
SBT/job_118,700
SBT/job_118,800
SBT/job_118,900
SBT/job_119,0
SBT/job_119,100
SBT/job_119,200
SBT/job_119,300
SBT/job_119,400
SBT/job_119,500
SBT/job_119,600
SBT/job_119,700
SBT/job_119,800
SBT/job_119,900
SBT/job_12,0
SBT/job_12,100
SBT/job_12,200
SBT/job_12,300
SBT/job_12,400
SBT/job_12,500
SBT/job_12,600
SBT/job_12,700
SBT/job_12,800
SBT/job_12,900
SBT/job_120,0
SBT/job_120,100
SBT/job_120,200
SBT/job_120,300
SBT/job_120,400
SBT/job_120,500
SBT/job_120,600
SBT/job_120,700
SBT/job_120,800
SBT/job_120,900
SBT/job_121,0
SBT/job_121,100
SBT/job_121,200
SBT/job_121,300
SBT/job_121,400
SBT/job_121,500
SBT/job_121,600
SBT/job_121,700
SBT/job_121,800
SBT/job_121,900
SBT/job_122,0
SBT/job_122,100
SBT/job_122,200
SBT/job_122,300
SBT/job_122,400
SBT/job_122,500
SBT/job_122,600
SBT/job_122,700
SBT/job_122,800
SBT/job_122,900
SBT/job_123,0
SBT/job_123,100
SBT/job_123,200
SBT/job_123,300
SBT/job_123,400
SBT/job_123,500
SBT/job_123,600
SBT/job_123,700
SBT/job_123,800
SBT/job_123,900
SBT/job_124,0
SBT/job_124,100
SBT/job_124,200
SBT/job_124,300
SBT/job_124,400
SBT/job_124,500
SBT/job_124,600
SBT/job_124,700
SBT/job_124,800
SBT/job_124,900
SBT/job_125,0
SBT/job_125,100
SBT/job_125,200
SBT/job_125,300
SBT/job_125,400
SBT/job_125,500
SBT/job_125,600
SBT/job_125,700
SBT/job_125,800
SBT/job_125,900
SBT/job_126,0
SBT/job_126,100
SBT/job_126,200
SBT/job_126,300
SBT/job_126,400
SBT/job_126,500
SBT/job_126,600
SBT/job_126,700
SBT/job_126,800
SBT/job_126,900
SBT/job_127,0
SBT/job_127,100
SBT/job_127,200
SBT/job_127,300
SBT/job_127,400
SBT/job_127,500
SBT/job_127,600
SBT/job_127,700
SBT/job_127,800
SBT/job_127,900
SBT/job_128,0
SBT/job_128,100
SBT/job_128,200
SBT/job_128,300
SBT/job_128,400
SBT/job_128,500
SBT/job_128,600
SBT/job_128,700
SBT/job_128,800
SBT/job_128,900
SBT/job_129,0
SBT/job_129,100
SBT/job_129,200
SBT/job_129,300
SBT/job_129,400
SBT/job_129,500
SBT/job_129,600
SBT/job_129,700
SBT/job_129,800
SBT/job_129,900
SBT/job_13,0
SBT/job_13,100
SBT/job_13,200
SBT/job_13,300
SBT/job_13,400
SBT/job_13,500
SBT/job_13,600
SBT/job_13,700
SBT/job_13,800
SBT/job_13,900
SBT/job_130,0
SBT/job_130,100
SBT/job_130,200
SBT/job_130,300
SBT/job_130,400
SBT/job_130,500
SBT/job_130,600
SBT/job_130,700
SBT/job_130,800
SBT/job_130,900
SBT/job_131,0
SBT/job_131,100
SBT/job_131,200
SBT/job_131,300
SBT/job_131,400
SBT/job_131,500
SBT/job_131,600
SBT/job_131,700
SBT/job_131,800
SBT/job_131,900
SBT/job_132,0
SBT/job_132,100
SBT/job_132,200
SBT/job_132,300
SBT/job_132,400
SBT/job_132,500
SBT/job_132,600
SBT/job_132,700
SBT/job_132,800
SBT/job_132,900
SBT/job_133,0
SBT/job_133,100
SBT/job_133,200
SBT/job_133,300
SBT/job_133,400
SBT/job_133,500
SBT/job_133,600
SBT/job_133,700
SBT/job_133,800
SBT/job_133,900
SBT/job_134,0
SBT/job_134,100
SBT/job_134,200
SBT/job_134,300
SBT/job_134,400
SBT/job_134,500
SBT/job_134,600
SBT/job_134,700
SBT/job_134,800
SBT/job_134,900
SBT/job_135,0
SBT/job_135,100
SBT/job_135,200
SBT/job_135,300
SBT/job_135,400
SBT/job_135,500
SBT/job_135,600
SBT/job_135,700
SBT/job_135,800
SBT/job_135,900
SBT/job_136,0
SBT/job_136,100
SBT/job_136,200
SBT/job_136,300
SBT/job_136,400
SBT/job_136,500
SBT/job_136,600
SBT/job_136,700
SBT/job_136,800
SBT/job_136,900
SBT/job_137,0
SBT/job_137,100
SBT/job_137,200
SBT/job_137,300
SBT/job_137,400
SBT/job_137,500
SBT/job_137,600
SBT/job_137,700
SBT/job_137,800
SBT/job_137,900
SBT/job_138,0
SBT/job_138,100
SBT/job_138,200
SBT/job_138,300
SBT/job_138,400
SBT/job_138,500
SBT/job_138,600
SBT/job_138,700
SBT/job_138,800
SBT/job_138,900
SBT/job_139,0
SBT/job_139,100
SBT/job_139,200
SBT/job_139,300
SBT/job_139,400
SBT/job_139,500
SBT/job_139,600
SBT/job_139,700
SBT/job_139,800
SBT/job_139,900
SBT/job_14,0
SBT/job_14,100
SBT/job_14,200
SBT/job_14,300
SBT/job_14,400
SBT/job_14,500
SBT/job_14,600
SBT/job_14,700
SBT/job_14,800
SBT/job_14,900
SBT/job_140,0
SBT/job_140,100
SBT/job_140,200
SBT/job_140,300
SBT/job_140,400
SBT/job_140,500
SBT/job_140,600
SBT/job_140,700
SBT/job_140,800
SBT/job_140,900
SBT/job_141,0
SBT/job_141,100
SBT/job_141,200
SBT/job_141,300
SBT/job_141,400
SBT/job_141,500
SBT/job_141,600
SBT/job_141,700
SBT/job_141,800
SBT/job_141,900
SBT/job_142,0
SBT/job_142,100
SBT/job_142,200
SBT/job_142,300
SBT/job_142,400
SBT/job_142,500
SBT/job_142,600
SBT/job_142,700
SBT/job_142,800
SBT/job_142,900
SBT/job_143,0
SBT/job_143,100
SBT/job_143,200
SBT/job_143,300
SBT/job_143,400
SBT/job_143,500
SBT/job_143,600
SBT/job_143,700
SBT/job_143,800
SBT/job_143,900
SBT/job_144,0
SBT/job_144,100
SBT/job_144,200
SBT/job_144,300
SBT/job_144,400
SBT/job_144,500
SBT/job_144,600
SBT/job_144,700
SBT/job_144,800
SBT/job_144,900
SBT/job_145,0
SBT/job_145,100
SBT/job_145,200
SBT/job_145,300
SBT/job_145,400
SBT/job_145,500
SBT/job_145,600
SBT/job_145,700
SBT/job_145,800
SBT/job_145,900
SBT/job_146,0
SBT/job_146,100
SBT/job_146,200
SBT/job_146,300
SBT/job_146,400
SBT/job_146,500
SBT/job_146,600
SBT/job_146,700
SBT/job_146,800
SBT/job_146,900
SBT/job_147,0
SBT/job_147,100
SBT/job_147,200
SBT/job_147,300
SBT/job_147,400
SBT/job_147,500
SBT/job_147,600
SBT/job_147,700
SBT/job_147,800
SBT/job_147,900
SBT/job_148,0
SBT/job_148,100
SBT/job_148,200
SBT/job_148,300
SBT/job_148,400
SBT/job_148,500
SBT/job_148,600
SBT/job_148,700
SBT/job_148,800
SBT/job_148,900
SBT/job_149,0
SBT/job_149,100
SBT/job_149,200
SBT/job_149,300
SBT/job_149,400
SBT/job_149,500
SBT/job_149,600
SBT/job_149,700
SBT/job_149,800
SBT/job_149,900
SBT/job_15,0
SBT/job_15,100
SBT/job_15,200
SBT/job_15,300
SBT/job_15,400
SBT/job_15,500
SBT/job_15,600
SBT/job_15,700
SBT/job_15,800
SBT/job_15,900
SBT/job_150,0
SBT/job_150,100
SBT/job_150,200
SBT/job_150,300
SBT/job_150,400
SBT/job_150,500
SBT/job_150,600
SBT/job_150,700
SBT/job_150,800
SBT/job_150,900
SBT/job_151,0
SBT/job_151,100
SBT/job_151,200
SBT/job_151,300
SBT/job_151,400
SBT/job_151,500
SBT/job_151,600
SBT/job_151,700
SBT/job_151,800
SBT/job_151,900
SBT/job_152,0
SBT/job_152,100
SBT/job_152,200
SBT/job_152,300
SBT/job_152,400
SBT/job_152,500
SBT/job_152,600
SBT/job_152,700
SBT/job_152,800
SBT/job_152,900
SBT/job_153,0
SBT/job_153,100
SBT/job_153,200
SBT/job_153,300
SBT/job_153,400
SBT/job_153,500
SBT/job_153,600
SBT/job_153,700
SBT/job_153,800
SBT/job_153,900
SBT/job_154,0
SBT/job_154,100
SBT/job_154,200
SBT/job_154,300
SBT/job_154,400
SBT/job_154,500
SBT/job_154,600
SBT/job_154,700
SBT/job_154,800
SBT/job_154,900
SBT/job_155,0
SBT/job_155,100
SBT/job_155,200
SBT/job_155,300
SBT/job_155,400
SBT/job_155,500
SBT/job_155,600
SBT/job_155,700
SBT/job_155,800
SBT/job_155,900
SBT/job_156,0
SBT/job_156,100
SBT/job_156,200
SBT/job_156,300
SBT/job_156,400
SBT/job_156,500
SBT/job_156,600
SBT/job_156,700
SBT/job_156,800
SBT/job_156,900
SBT/job_157,0
SBT/job_157,100
SBT/job_157,200
SBT/job_157,300
SBT/job_157,400
SBT/job_157,500
SBT/job_157,600
SBT/job_157,700
SBT/job_157,800
SBT/job_157,900
SBT/job_158,0
SBT/job_158,100
SBT/job_158,200
SBT/job_158,300
SBT/job_158,400
SBT/job_158,500
SBT/job_158,600
SBT/job_158,700
SBT/job_158,800
SBT/job_158,900
SBT/job_159,0
SBT/job_159,100
SBT/job_159,200
SBT/job_159,300
SBT/job_159,400
SBT/job_159,500
SBT/job_159,600
SBT/job_159,700
SBT/job_159,800
SBT/job_159,900
SBT/job_16,0
SBT/job_16,100
SBT/job_16,200
SBT/job_16,300
SBT/job_16,400
SBT/job_16,500
SBT/job_16,600
SBT/job_16,700
SBT/job_16,800
SBT/job_16,900
SBT/job_160,0
SBT/job_160,100
SBT/job_160,200
SBT/job_160,300
SBT/job_160,400
SBT/job_160,500
SBT/job_160,600
SBT/job_160,700
SBT/job_160,800
SBT/job_160,900
SBT/job_161,0
SBT/job_161,100
SBT/job_161,200
SBT/job_161,300
SBT/job_161,400
SBT/job_161,500
SBT/job_161,600
SBT/job_161,700
SBT/job_161,800
SBT/job_161,900
SBT/job_162,0
SBT/job_162,100
SBT/job_162,200
SBT/job_162,300
SBT/job_162,400
SBT/job_162,500
SBT/job_162,600
SBT/job_162,700
SBT/job_162,800
SBT/job_162,900
SBT/job_163,0
SBT/job_163,100
SBT/job_163,200
SBT/job_163,300
SBT/job_163,400
SBT/job_163,500
SBT/job_163,600
SBT/job_163,700
SBT/job_163,800
SBT/job_163,900
SBT/job_164,0
SBT/job_164,100
SBT/job_164,200
SBT/job_164,300
SBT/job_164,400
SBT/job_164,500
SBT/job_164,600
SBT/job_164,700
SBT/job_164,800
SBT/job_164,900
SBT/job_165,0
SBT/job_165,100
SBT/job_165,200
SBT/job_165,300
SBT/job_165,400
SBT/job_165,500
SBT/job_165,600
SBT/job_165,700
SBT/job_165,800
SBT/job_165,900
SBT/job_166,0
SBT/job_166,100
SBT/job_166,200
SBT/job_166,300
SBT/job_166,400
SBT/job_166,500
SBT/job_166,600
SBT/job_166,700
SBT/job_166,800
SBT/job_166,900
SBT/job_167,0
SBT/job_167,100
SBT/job_167,200
SBT/job_167,300
SBT/job_167,400
SBT/job_167,500
SBT/job_167,600
SBT/job_167,700
SBT/job_167,800
SBT/job_167,900
SBT/job_168,0
SBT/job_168,100
SBT/job_168,200
SBT/job_168,300
SBT/job_168,400
SBT/job_168,500
SBT/job_168,600
SBT/job_168,700
SBT/job_168,800
SBT/job_168,900
SBT/job_169,0
SBT/job_169,100
SBT/job_169,200
SBT/job_169,300
SBT/job_169,400
SBT/job_169,500
SBT/job_169,600
SBT/job_169,700
SBT/job_169,800
SBT/job_169,900
SBT/job_17,0
SBT/job_17,100
SBT/job_17,200
SBT/job_17,300
SBT/job_17,400
SBT/job_17,500
SBT/job_17,600
SBT/job_17,700
SBT/job_17,800
SBT/job_17,900
SBT/job_170,0
SBT/job_170,100
SBT/job_170,200
SBT/job_170,300
SBT/job_170,400
SBT/job_170,500
SBT/job_170,600
SBT/job_170,700
SBT/job_170,800
SBT/job_170,900
SBT/job_171,0
SBT/job_171,100
SBT/job_171,200
SBT/job_171,300
SBT/job_171,400
SBT/job_171,500
SBT/job_171,600
SBT/job_171,700
SBT/job_171,800
SBT/job_171,900
SBT/job_172,0
SBT/job_172,100
SBT/job_172,200
SBT/job_172,300
SBT/job_172,400
SBT/job_172,500
SBT/job_172,600
SBT/job_172,700
SBT/job_172,800
SBT/job_172,900
SBT/job_173,0
SBT/job_173,100
SBT/job_173,200
SBT/job_173,300
SBT/job_173,400
SBT/job_173,500
SBT/job_173,600
SBT/job_173,700
SBT/job_173,800
SBT/job_173,900
SBT/job_174,0
SBT/job_174,100
SBT/job_174,200
SBT/job_174,300
SBT/job_174,400
SBT/job_174,500
SBT/job_174,600
SBT/job_174,700
SBT/job_174,800
SBT/job_174,900
SBT/job_175,0
SBT/job_175,100
SBT/job_175,200
SBT/job_175,300
SBT/job_175,400
SBT/job_175,500
SBT/job_175,600
SBT/job_175,700
SBT/job_175,800
SBT/job_175,900
SBT/job_176,0
SBT/job_176,100
SBT/job_176,200
SBT/job_176,300
SBT/job_176,400
SBT/job_176,500
SBT/job_176,600
SBT/job_176,700
SBT/job_176,800
SBT/job_176,900
SBT/job_177,0
SBT/job_177,100
SBT/job_177,200
SBT/job_177,300
SBT/job_177,400
SBT/job_177,500
SBT/job_177,600
SBT/job_177,700
SBT/job_177,800
SBT/job_177,900
SBT/job_178,0
SBT/job_178,100
SBT/job_178,200
SBT/job_178,300
SBT/job_178,400
SBT/job_178,500
SBT/job_178,600
SBT/job_178,700
SBT/job_178,800
SBT/job_178,900
SBT/job_179,0
SBT/job_179,100
SBT/job_179,200
SBT/job_179,300
SBT/job_179,400
SBT/job_179,500
SBT/job_179,600
SBT/job_179,700
SBT/job_179,800
SBT/job_179,900
SBT/job_18,0
SBT/job_18,100
SBT/job_18,200
SBT/job_18,300
SBT/job_18,400
SBT/job_18,500
SBT/job_18,600
SBT/job_18,700
SBT/job_18,800
SBT/job_18,900
SBT/job_180,0
SBT/job_180,100
SBT/job_180,200
SBT/job_180,300
SBT/job_180,400
SBT/job_180,500
SBT/job_180,600
SBT/job_180,700
SBT/job_180,800
SBT/job_180,900
SBT/job_181,0
SBT/job_181,100
SBT/job_181,200
SBT/job_181,300
SBT/job_181,400
SBT/job_181,500
SBT/job_181,600
SBT/job_181,700
SBT/job_181,800
SBT/job_181,900
SBT/job_182,0
SBT/job_182,100
SBT/job_182,200
SBT/job_182,300
SBT/job_182,400
SBT/job_182,500
SBT/job_182,600
SBT/job_182,700
SBT/job_182,800
SBT/job_182,900
SBT/job_183,0
SBT/job_183,100
SBT/job_183,200
SBT/job_183,300
SBT/job_183,400
SBT/job_183,500
SBT/job_183,600
SBT/job_183,700
SBT/job_183,800
SBT/job_183,900
SBT/job_184,0
SBT/job_184,100
SBT/job_184,200
SBT/job_184,300
SBT/job_184,400
SBT/job_184,500
SBT/job_184,600
SBT/job_184,700
SBT/job_184,800
SBT/job_184,900
SBT/job_185,0
SBT/job_185,100
SBT/job_185,200
SBT/job_185,300
SBT/job_185,400
SBT/job_185,500
SBT/job_185,600
SBT/job_185,700
SBT/job_185,800
SBT/job_185,900
SBT/job_186,0
SBT/job_186,100
SBT/job_186,200
SBT/job_186,300
SBT/job_186,400
SBT/job_186,500
SBT/job_186,600
SBT/job_186,700
SBT/job_186,800
SBT/job_186,900
SBT/job_187,0
SBT/job_187,100
SBT/job_187,200
SBT/job_187,300
SBT/job_187,400
SBT/job_187,500
SBT/job_187,600
SBT/job_187,700
SBT/job_187,800
SBT/job_187,900
SBT/job_188,0
SBT/job_188,100
SBT/job_188,200
SBT/job_188,300
SBT/job_188,400
SBT/job_188,500
SBT/job_188,600
SBT/job_188,700
SBT/job_188,800
SBT/job_188,900
SBT/job_189,0
SBT/job_189,100
SBT/job_189,200
SBT/job_189,300
SBT/job_189,400
SBT/job_189,500
SBT/job_189,600
SBT/job_189,700
SBT/job_189,800
SBT/job_189,900
SBT/job_19,0
SBT/job_19,100
SBT/job_19,200
SBT/job_19,300
SBT/job_19,400
SBT/job_19,500
SBT/job_19,600
SBT/job_19,700
SBT/job_19,800
SBT/job_19,900
SBT/job_190,0
SBT/job_190,100
SBT/job_190,200
SBT/job_190,300
SBT/job_190,400
SBT/job_190,500
SBT/job_190,600
SBT/job_190,700
SBT/job_190,800
SBT/job_190,900
SBT/job_191,0
SBT/job_191,100
SBT/job_191,200
SBT/job_191,300
SBT/job_191,400
SBT/job_191,500
SBT/job_191,600
SBT/job_191,700
SBT/job_191,800
SBT/job_191,900
SBT/job_192,0
SBT/job_192,100
SBT/job_192,200
SBT/job_192,300
SBT/job_192,400
SBT/job_192,500
SBT/job_192,600
SBT/job_192,700
SBT/job_192,800
SBT/job_192,900
SBT/job_193,0
SBT/job_193,100
SBT/job_193,200
SBT/job_193,300
SBT/job_193,400
SBT/job_193,500
SBT/job_193,600
SBT/job_193,700
SBT/job_193,800
SBT/job_193,900
SBT/job_194,0
SBT/job_194,100
SBT/job_194,200
SBT/job_194,300
SBT/job_194,400
SBT/job_194,500
SBT/job_194,600
SBT/job_194,700
SBT/job_194,800
SBT/job_194,900
SBT/job_195,0
SBT/job_195,100
SBT/job_195,200
SBT/job_195,300
SBT/job_195,400
SBT/job_195,500
SBT/job_195,600
SBT/job_195,700
SBT/job_195,800
SBT/job_195,900
SBT/job_196,0
SBT/job_196,100
SBT/job_196,200
SBT/job_196,300
SBT/job_196,400
SBT/job_196,500
SBT/job_196,600
SBT/job_196,700
SBT/job_196,800
SBT/job_196,900
SBT/job_197,0
SBT/job_197,100
SBT/job_197,200
SBT/job_197,300
SBT/job_197,400
SBT/job_197,500
SBT/job_197,600
SBT/job_197,700
SBT/job_197,800
SBT/job_197,900
SBT/job_198,0
SBT/job_198,100
SBT/job_198,200
SBT/job_198,300
SBT/job_198,400
SBT/job_198,500
SBT/job_198,600
SBT/job_198,700
SBT/job_198,800
SBT/job_198,900
SBT/job_199,0
SBT/job_199,100
SBT/job_199,200
SBT/job_199,300
SBT/job_199,400
SBT/job_199,500
SBT/job_199,600
SBT/job_199,700
SBT/job_199,800
SBT/job_199,900
SBT/job_2,0
SBT/job_2,100
SBT/job_2,200
SBT/job_2,300
SBT/job_2,400
SBT/job_2,500
SBT/job_2,600
SBT/job_2,700
SBT/job_2,800
SBT/job_2,900
SBT/job_20,0
SBT/job_20,100
SBT/job_20,200
SBT/job_20,300
SBT/job_20,400
SBT/job_20,500
SBT/job_20,600
SBT/job_20,700
SBT/job_20,800
SBT/job_20,900
SBT/job_200,0
SBT/job_200,100
SBT/job_200,200
SBT/job_200,300
SBT/job_200,400
SBT/job_200,500
SBT/job_200,600
SBT/job_200,700
SBT/job_200,800
SBT/job_200,900
SBT/job_201,0
SBT/job_201,100
SBT/job_201,200
SBT/job_201,300
SBT/job_201,400
SBT/job_201,500
SBT/job_201,600
SBT/job_201,700
SBT/job_201,800
SBT/job_201,900
SBT/job_202,0
SBT/job_202,100
SBT/job_202,200
SBT/job_202,300
SBT/job_202,400
SBT/job_202,500
SBT/job_202,600
SBT/job_202,700
SBT/job_202,800
SBT/job_202,900
SBT/job_203,0
SBT/job_203,100
SBT/job_203,200
SBT/job_203,300
SBT/job_203,400
SBT/job_203,500
SBT/job_203,600
SBT/job_203,700
SBT/job_203,800
SBT/job_203,900
SBT/job_204,0
SBT/job_204,100
SBT/job_204,200
SBT/job_204,300
SBT/job_204,400
SBT/job_204,500
SBT/job_204,600
SBT/job_204,700
SBT/job_204,800
SBT/job_204,900
SBT/job_205,0
SBT/job_205,100
SBT/job_205,200
SBT/job_205,300
SBT/job_205,400
SBT/job_205,500
SBT/job_205,600
SBT/job_205,700
SBT/job_205,800
SBT/job_205,900
SBT/job_206,0
SBT/job_206,100
SBT/job_206,200
SBT/job_206,300
SBT/job_206,400
SBT/job_206,500
SBT/job_206,600
SBT/job_206,700
SBT/job_206,800
SBT/job_206,900
SBT/job_207,0
SBT/job_207,100
SBT/job_207,200
SBT/job_207,300
SBT/job_207,400
SBT/job_207,500
SBT/job_207,600
SBT/job_207,700
SBT/job_207,800
SBT/job_207,900
SBT/job_208,0
SBT/job_208,100
SBT/job_208,200
SBT/job_208,300
SBT/job_208,400
SBT/job_208,500
SBT/job_208,600
SBT/job_208,700
SBT/job_208,800
SBT/job_208,900
SBT/job_209,0
SBT/job_209,100
SBT/job_209,200
SBT/job_209,300
SBT/job_209,400
SBT/job_209,500
SBT/job_209,600
SBT/job_209,700
SBT/job_209,800
SBT/job_209,900
SBT/job_21,0
SBT/job_21,100
SBT/job_21,200
SBT/job_21,300
SBT/job_21,400
SBT/job_21,500
SBT/job_21,600
SBT/job_21,700
SBT/job_21,800
SBT/job_21,900
SBT/job_210,0
SBT/job_210,100
SBT/job_210,200
SBT/job_210,300
SBT/job_210,400
SBT/job_210,500
SBT/job_210,600
SBT/job_210,700
SBT/job_210,800
SBT/job_210,900
SBT/job_211,0
SBT/job_211,100
SBT/job_211,200
SBT/job_211,300
SBT/job_211,400
SBT/job_211,500
SBT/job_211,600
SBT/job_211,700
SBT/job_211,800
SBT/job_211,900
SBT/job_212,0
SBT/job_212,100
SBT/job_212,200
SBT/job_212,300
SBT/job_212,400
SBT/job_212,500
SBT/job_212,600
SBT/job_212,700
SBT/job_212,800
SBT/job_212,900
SBT/job_213,0
SBT/job_213,100
SBT/job_213,200
SBT/job_213,300
SBT/job_213,400
SBT/job_213,500
SBT/job_213,600
SBT/job_213,700
SBT/job_213,800
SBT/job_213,900
SBT/job_214,0
SBT/job_214,100
SBT/job_214,200
SBT/job_214,300
SBT/job_214,400
SBT/job_214,500
SBT/job_214,600
SBT/job_214,700
SBT/job_214,800
SBT/job_214,900
SBT/job_215,0
SBT/job_215,100
SBT/job_215,200
SBT/job_215,300
SBT/job_215,400
SBT/job_215,500
SBT/job_215,600
SBT/job_215,700
SBT/job_215,800
SBT/job_215,900
SBT/job_216,0
SBT/job_216,100
SBT/job_216,200
SBT/job_216,300
SBT/job_216,400
SBT/job_216,500
SBT/job_216,600
SBT/job_216,700
SBT/job_216,800
SBT/job_216,900
SBT/job_217,0
SBT/job_217,100
SBT/job_217,200
SBT/job_217,300
SBT/job_217,400
SBT/job_217,500
SBT/job_217,600
SBT/job_217,700
SBT/job_217,800
SBT/job_217,900
SBT/job_218,0
SBT/job_218,100
SBT/job_218,200
SBT/job_218,300
SBT/job_218,400
SBT/job_218,500
SBT/job_218,600
SBT/job_218,700
SBT/job_218,800
SBT/job_218,900
SBT/job_219,0
SBT/job_219,100
SBT/job_219,200
SBT/job_219,300
SBT/job_219,400
SBT/job_219,500
SBT/job_219,600
SBT/job_219,700
SBT/job_219,800
SBT/job_219,900
SBT/job_22,0
SBT/job_22,100
SBT/job_22,200
SBT/job_22,300
SBT/job_22,400
SBT/job_22,500
SBT/job_22,600
SBT/job_22,700
SBT/job_22,800
SBT/job_22,900
SBT/job_220,0
SBT/job_220,100
SBT/job_220,200
SBT/job_220,300
SBT/job_220,400
SBT/job_220,500
SBT/job_220,600
SBT/job_220,700
SBT/job_220,800
SBT/job_220,900
SBT/job_221,0
SBT/job_221,100
SBT/job_221,200
SBT/job_221,300
SBT/job_221,400
SBT/job_221,500
SBT/job_221,600
SBT/job_221,700
SBT/job_221,800
SBT/job_221,900
SBT/job_222,0
SBT/job_222,100
SBT/job_222,200
SBT/job_222,300
SBT/job_222,400
SBT/job_222,500
SBT/job_222,600
SBT/job_222,700
SBT/job_222,800
SBT/job_222,900
SBT/job_223,0
SBT/job_223,100
SBT/job_223,200
SBT/job_223,300
SBT/job_223,400
SBT/job_223,500
SBT/job_223,600
SBT/job_223,700
SBT/job_223,800
SBT/job_223,900
SBT/job_224,0
SBT/job_224,100
SBT/job_224,200
SBT/job_224,300
SBT/job_224,400
SBT/job_224,500
SBT/job_224,600
SBT/job_224,700
SBT/job_224,800
SBT/job_224,900
SBT/job_225,0
SBT/job_225,100
SBT/job_225,200
SBT/job_225,300
SBT/job_225,400
SBT/job_225,500
SBT/job_225,600
SBT/job_225,700
SBT/job_225,800
SBT/job_225,900
SBT/job_226,0
SBT/job_226,100
SBT/job_226,200
SBT/job_226,300
SBT/job_226,400
SBT/job_226,500
SBT/job_226,600
SBT/job_226,700
SBT/job_226,800
SBT/job_226,900
SBT/job_227,0
SBT/job_227,100
SBT/job_227,200
SBT/job_227,300
SBT/job_227,400
SBT/job_227,500
SBT/job_227,600
SBT/job_227,700
SBT/job_227,800
SBT/job_227,900
SBT/job_228,0
SBT/job_228,100
SBT/job_228,200
SBT/job_228,300
SBT/job_228,400
SBT/job_228,500
SBT/job_228,600
SBT/job_228,700
SBT/job_228,800
SBT/job_228,900
SBT/job_229,0
SBT/job_229,100
SBT/job_229,200
SBT/job_229,300
SBT/job_229,400
SBT/job_229,500
SBT/job_229,600
SBT/job_229,700
SBT/job_229,800
SBT/job_229,900
SBT/job_23,0
SBT/job_23,100
SBT/job_23,200
SBT/job_23,300
SBT/job_23,400
SBT/job_23,500
SBT/job_23,600
SBT/job_23,700
SBT/job_23,800
SBT/job_23,900
SBT/job_230,0
SBT/job_230,100
SBT/job_230,200
SBT/job_230,300
SBT/job_230,400
SBT/job_230,500
SBT/job_230,600
SBT/job_230,700
SBT/job_230,800
SBT/job_230,900
SBT/job_231,0
SBT/job_231,100
SBT/job_231,200
SBT/job_231,300
SBT/job_231,400
SBT/job_231,500
SBT/job_231,600
SBT/job_231,700
SBT/job_231,800
SBT/job_231,900
SBT/job_232,0
SBT/job_232,100
SBT/job_232,200
SBT/job_232,300
SBT/job_232,400
SBT/job_232,500
SBT/job_232,600
SBT/job_232,700
SBT/job_232,800
SBT/job_232,900
SBT/job_233,0
SBT/job_233,100
SBT/job_233,200
SBT/job_233,300
SBT/job_233,400
SBT/job_233,500
SBT/job_233,600
SBT/job_233,700
SBT/job_233,800
SBT/job_233,900
SBT/job_234,0
SBT/job_234,100
SBT/job_234,200
SBT/job_234,300
SBT/job_234,400
SBT/job_234,500
SBT/job_234,600
SBT/job_234,700
SBT/job_234,800
SBT/job_234,900
SBT/job_235,0
SBT/job_235,100
SBT/job_235,200
SBT/job_235,300
SBT/job_235,400
SBT/job_235,500
SBT/job_235,600
SBT/job_235,700
SBT/job_235,800
SBT/job_235,900
SBT/job_236,0
SBT/job_236,100
SBT/job_236,200
SBT/job_236,300
SBT/job_236,400
SBT/job_236,500
SBT/job_236,600
SBT/job_236,700
SBT/job_236,800
SBT/job_236,900
SBT/job_237,0
SBT/job_237,100
SBT/job_237,200
SBT/job_237,300
SBT/job_237,400
SBT/job_237,500
SBT/job_237,600
SBT/job_237,700
SBT/job_237,800
SBT/job_237,900
SBT/job_238,0
SBT/job_238,100
SBT/job_238,200
SBT/job_238,300
SBT/job_238,400
SBT/job_238,500
SBT/job_238,600
SBT/job_238,700
SBT/job_238,800
SBT/job_238,900
SBT/job_239,0
SBT/job_239,100
SBT/job_239,200
SBT/job_239,300
SBT/job_239,400
SBT/job_239,500
SBT/job_239,600
SBT/job_239,700
SBT/job_239,800
SBT/job_239,900
SBT/job_24,0
SBT/job_24,100
SBT/job_24,200
SBT/job_24,300
SBT/job_24,400
SBT/job_24,500
SBT/job_24,600
SBT/job_24,700
SBT/job_24,800
SBT/job_24,900
SBT/job_240,0
SBT/job_240,100
SBT/job_240,200
SBT/job_240,300
SBT/job_240,400
SBT/job_240,500
SBT/job_240,600
SBT/job_240,700
SBT/job_240,800
SBT/job_240,900
SBT/job_241,0
SBT/job_241,100
SBT/job_241,200
SBT/job_241,300
SBT/job_241,400
SBT/job_241,500
SBT/job_241,600
SBT/job_241,700
SBT/job_241,800
SBT/job_241,900
SBT/job_242,0
SBT/job_242,100
SBT/job_242,200
SBT/job_242,300
SBT/job_242,400
SBT/job_242,500
SBT/job_242,600
SBT/job_242,700
SBT/job_242,800
SBT/job_242,900
SBT/job_243,0
SBT/job_243,100
SBT/job_243,200
SBT/job_243,300
SBT/job_243,400
SBT/job_243,500
SBT/job_243,600
SBT/job_243,700
SBT/job_243,800
SBT/job_243,900
SBT/job_244,0
SBT/job_244,100
SBT/job_244,200
SBT/job_244,300
SBT/job_244,400
SBT/job_244,500
SBT/job_244,600
SBT/job_244,700
SBT/job_244,800
SBT/job_244,900
SBT/job_245,0
SBT/job_245,100
SBT/job_245,200
SBT/job_245,300
SBT/job_245,400
SBT/job_245,500
SBT/job_245,600
SBT/job_245,700
SBT/job_245,800
SBT/job_245,900
SBT/job_246,0
SBT/job_246,100
SBT/job_246,200
SBT/job_246,300
SBT/job_246,400
SBT/job_246,500
SBT/job_246,600
SBT/job_246,700
SBT/job_246,800
SBT/job_246,900
SBT/job_247,0
SBT/job_247,100
SBT/job_247,200
SBT/job_247,300
SBT/job_247,400
SBT/job_247,500
SBT/job_247,600
SBT/job_247,700
SBT/job_247,800
SBT/job_247,900
SBT/job_248,0
SBT/job_248,100
SBT/job_248,200
SBT/job_248,300
SBT/job_248,400
SBT/job_248,500
SBT/job_248,600
SBT/job_248,700
SBT/job_248,800
SBT/job_248,900
SBT/job_249,0
SBT/job_249,100
SBT/job_249,200
SBT/job_249,300
SBT/job_249,400
SBT/job_249,500
SBT/job_249,600
SBT/job_249,700
SBT/job_249,800
SBT/job_249,900
SBT/job_25,0
SBT/job_25,100
SBT/job_25,200
SBT/job_25,300
SBT/job_25,400
SBT/job_25,500
SBT/job_25,600
SBT/job_25,700
SBT/job_25,800
SBT/job_25,900
SBT/job_250,0
SBT/job_250,100
SBT/job_250,200
SBT/job_250,300
SBT/job_250,400
SBT/job_250,500
SBT/job_250,600
SBT/job_250,700
SBT/job_250,800
SBT/job_250,900
SBT/job_251,0
SBT/job_251,100
SBT/job_251,200
SBT/job_251,300
SBT/job_251,400
SBT/job_251,500
SBT/job_251,600
SBT/job_251,700
SBT/job_251,800
SBT/job_251,900
SBT/job_252,0
SBT/job_252,100
SBT/job_252,200
SBT/job_252,300
SBT/job_252,400
SBT/job_252,500
SBT/job_252,600
SBT/job_252,700
SBT/job_252,800
SBT/job_252,900
SBT/job_253,0
SBT/job_253,100
SBT/job_253,200
SBT/job_253,300
SBT/job_253,400
SBT/job_253,500
SBT/job_253,600
SBT/job_253,700
SBT/job_253,800
SBT/job_253,900
SBT/job_254,0
SBT/job_254,100
SBT/job_254,200
SBT/job_254,300
SBT/job_254,400
SBT/job_254,500
SBT/job_254,600
SBT/job_254,700
SBT/job_254,800
SBT/job_254,900
SBT/job_255,0
SBT/job_255,100
SBT/job_255,200
SBT/job_255,300
SBT/job_255,400
SBT/job_255,500
SBT/job_255,600
SBT/job_255,700
SBT/job_255,800
SBT/job_255,900
SBT/job_256,0
SBT/job_256,100
SBT/job_256,200
SBT/job_256,300
SBT/job_256,400
SBT/job_256,500
SBT/job_256,600
SBT/job_256,700
SBT/job_256,800
SBT/job_256,900
SBT/job_257,0
SBT/job_257,100
SBT/job_257,200
SBT/job_257,300
SBT/job_257,400
SBT/job_257,500
SBT/job_257,600
SBT/job_257,700
SBT/job_257,800
SBT/job_257,900
SBT/job_258,0
SBT/job_258,100
SBT/job_258,200
SBT/job_258,300
SBT/job_258,400
SBT/job_258,500
SBT/job_258,600
SBT/job_258,700
SBT/job_258,800
SBT/job_258,900
SBT/job_259,0
SBT/job_259,100
SBT/job_259,200
SBT/job_259,300
SBT/job_259,400
SBT/job_259,500
SBT/job_259,600
SBT/job_259,700
SBT/job_259,800
SBT/job_259,900
SBT/job_26,0
SBT/job_26,100
SBT/job_26,200
SBT/job_26,300
SBT/job_26,400
SBT/job_26,500
SBT/job_26,600
SBT/job_26,700
SBT/job_26,800
SBT/job_26,900
SBT/job_260,0
SBT/job_260,100
SBT/job_260,200
SBT/job_260,300
SBT/job_260,400
SBT/job_260,500
SBT/job_260,600
SBT/job_260,700
SBT/job_260,800
SBT/job_260,900
SBT/job_261,0
SBT/job_261,100
SBT/job_261,200
SBT/job_261,300
SBT/job_261,400
SBT/job_261,500
SBT/job_261,600
SBT/job_261,700
SBT/job_261,800
SBT/job_261,900
SBT/job_262,0
SBT/job_262,100
SBT/job_262,200
SBT/job_262,300
SBT/job_262,400
SBT/job_262,500
SBT/job_262,600
SBT/job_262,700
SBT/job_262,800
SBT/job_262,900
SBT/job_263,0
SBT/job_263,100
SBT/job_263,200
SBT/job_263,300
SBT/job_263,400
SBT/job_263,500
SBT/job_263,600
SBT/job_263,700
SBT/job_263,800
SBT/job_263,900
SBT/job_264,0
SBT/job_264,100
SBT/job_264,200
SBT/job_264,300
SBT/job_264,400
SBT/job_264,500
SBT/job_264,600
SBT/job_264,700
SBT/job_264,800
SBT/job_264,900
SBT/job_265,0
SBT/job_265,100
SBT/job_265,200
SBT/job_265,300
SBT/job_265,400
SBT/job_265,500
SBT/job_265,600
SBT/job_265,700
SBT/job_265,800
SBT/job_265,900
SBT/job_266,0
SBT/job_266,100
SBT/job_266,200
SBT/job_266,300
SBT/job_266,400
SBT/job_266,500
SBT/job_266,600
SBT/job_266,700
SBT/job_266,800
SBT/job_266,900
SBT/job_267,0
SBT/job_267,100
SBT/job_267,200
SBT/job_267,300
SBT/job_267,400
SBT/job_267,500
SBT/job_267,600
SBT/job_267,700
SBT/job_267,800
SBT/job_267,900
SBT/job_268,0
SBT/job_268,100
SBT/job_268,200
SBT/job_268,300
SBT/job_268,400
SBT/job_268,500
SBT/job_268,600
SBT/job_268,700
SBT/job_268,800
SBT/job_268,900
SBT/job_269,0
SBT/job_269,100
SBT/job_269,200
SBT/job_269,300
SBT/job_269,400
SBT/job_269,500
SBT/job_269,600
SBT/job_269,700
SBT/job_269,800
SBT/job_269,900
SBT/job_27,0
SBT/job_27,100
SBT/job_27,200
SBT/job_27,300
SBT/job_27,400
SBT/job_27,500
SBT/job_27,600
SBT/job_27,700
SBT/job_27,800
SBT/job_27,900
SBT/job_270,0
SBT/job_270,100
SBT/job_270,200
SBT/job_270,300
SBT/job_270,400
SBT/job_270,500
SBT/job_270,600
SBT/job_270,700
SBT/job_270,800
SBT/job_270,900
SBT/job_271,0
SBT/job_271,100
SBT/job_271,200
SBT/job_271,300
SBT/job_271,400
SBT/job_271,500
SBT/job_271,600
SBT/job_271,700
SBT/job_271,800
SBT/job_271,900
SBT/job_272,0
SBT/job_272,100
SBT/job_272,200
SBT/job_272,300
SBT/job_272,400
SBT/job_272,500
SBT/job_272,600
SBT/job_272,700
SBT/job_272,800
SBT/job_272,900
SBT/job_273,0
SBT/job_273,100
SBT/job_273,200
SBT/job_273,300
SBT/job_273,400
SBT/job_273,500
SBT/job_273,600
SBT/job_273,700
SBT/job_273,800
SBT/job_273,900
SBT/job_274,0
SBT/job_274,100
SBT/job_274,200
SBT/job_274,300
SBT/job_274,400
SBT/job_274,500
SBT/job_274,600
SBT/job_274,700
SBT/job_274,800
SBT/job_274,900
SBT/job_275,0
SBT/job_275,100
SBT/job_275,200
SBT/job_275,300
SBT/job_275,400
SBT/job_275,500
SBT/job_275,600
SBT/job_275,700
SBT/job_275,800
SBT/job_275,900
SBT/job_276,0
SBT/job_276,100
SBT/job_276,200
SBT/job_276,300
SBT/job_276,400
SBT/job_276,500
SBT/job_276,600
SBT/job_276,700
SBT/job_276,800
SBT/job_276,900
SBT/job_277,0
SBT/job_277,100
SBT/job_277,200
SBT/job_277,300
SBT/job_277,400
SBT/job_277,500
SBT/job_277,600
SBT/job_277,700
SBT/job_277,800
SBT/job_277,900
SBT/job_278,0
SBT/job_278,100
SBT/job_278,200
SBT/job_278,300
SBT/job_278,400
SBT/job_278,500
SBT/job_278,600
SBT/job_278,700
SBT/job_278,800
SBT/job_278,900
SBT/job_279,0
SBT/job_279,100
SBT/job_279,200
SBT/job_279,300
SBT/job_279,400
SBT/job_279,500
SBT/job_279,600
SBT/job_279,700
SBT/job_279,800
SBT/job_279,900
SBT/job_28,0
SBT/job_28,100
SBT/job_28,200
SBT/job_28,300
SBT/job_28,400
SBT/job_28,500
SBT/job_28,600
SBT/job_28,700
SBT/job_28,800
SBT/job_28,900
SBT/job_280,0
SBT/job_280,100
SBT/job_280,200
SBT/job_280,300
SBT/job_280,400
SBT/job_280,500
SBT/job_280,600
SBT/job_280,700
SBT/job_280,800
SBT/job_280,900
SBT/job_281,0
SBT/job_281,100
SBT/job_281,200
SBT/job_281,300
SBT/job_281,400
SBT/job_281,500
SBT/job_281,600
SBT/job_281,700
SBT/job_281,800
SBT/job_281,900
SBT/job_282,0
SBT/job_282,100
SBT/job_282,200
SBT/job_282,300
SBT/job_282,400
SBT/job_282,500
SBT/job_282,600
SBT/job_282,700
SBT/job_282,800
SBT/job_282,900
SBT/job_283,0
SBT/job_283,100
SBT/job_283,200
SBT/job_283,300
SBT/job_283,400
SBT/job_283,500
SBT/job_283,600
SBT/job_283,700
SBT/job_283,800
SBT/job_283,900
SBT/job_284,0
SBT/job_284,100
SBT/job_284,200
SBT/job_284,300
SBT/job_284,400
SBT/job_284,500
SBT/job_284,600
SBT/job_284,700
SBT/job_284,800
SBT/job_284,900
SBT/job_285,0
SBT/job_285,100
SBT/job_285,200
SBT/job_285,300
SBT/job_285,400
SBT/job_285,500
SBT/job_285,600
SBT/job_285,700
SBT/job_285,800
SBT/job_285,900
SBT/job_286,0
SBT/job_286,100
SBT/job_286,200
SBT/job_286,300
SBT/job_286,400
SBT/job_286,500
SBT/job_286,600
SBT/job_286,700
SBT/job_286,800
SBT/job_286,900
SBT/job_287,0
SBT/job_287,100
SBT/job_287,200
SBT/job_287,300
SBT/job_287,400
SBT/job_287,500
SBT/job_287,600
SBT/job_287,700
SBT/job_287,800
SBT/job_287,900
SBT/job_288,0
SBT/job_288,100
SBT/job_288,200
SBT/job_288,300
SBT/job_288,400
SBT/job_288,500
SBT/job_288,600
SBT/job_288,700
SBT/job_288,800
SBT/job_288,900
SBT/job_289,0
SBT/job_289,100
SBT/job_289,200
SBT/job_289,300
SBT/job_289,400
SBT/job_289,500
SBT/job_289,600
SBT/job_289,700
SBT/job_289,800
SBT/job_289,900
SBT/job_29,0
SBT/job_29,100
SBT/job_29,200
SBT/job_29,300
SBT/job_29,400
SBT/job_29,500
SBT/job_29,600
SBT/job_29,700
SBT/job_29,800
SBT/job_29,900
SBT/job_290,0
SBT/job_290,100
SBT/job_290,200
SBT/job_290,300
SBT/job_290,400
SBT/job_290,500
SBT/job_290,600
SBT/job_290,700
SBT/job_290,800
SBT/job_290,900
SBT/job_291,0
SBT/job_291,100
SBT/job_291,200
SBT/job_291,300
SBT/job_291,400
SBT/job_291,500
SBT/job_291,600
SBT/job_291,700
SBT/job_291,800
SBT/job_291,900
SBT/job_292,0
SBT/job_292,100
SBT/job_292,200
SBT/job_292,300
SBT/job_292,400
SBT/job_292,500
SBT/job_292,600
SBT/job_292,700
SBT/job_292,800
SBT/job_292,900
SBT/job_293,0
SBT/job_293,100
SBT/job_293,200
SBT/job_293,300
SBT/job_293,400
SBT/job_293,500
SBT/job_293,600
SBT/job_293,700
SBT/job_293,800
SBT/job_293,900
SBT/job_294,0
SBT/job_294,100
SBT/job_294,200
SBT/job_294,300
SBT/job_294,400
SBT/job_294,500
SBT/job_294,600
SBT/job_294,700
SBT/job_294,800
SBT/job_294,900
SBT/job_295,0
SBT/job_295,100
SBT/job_295,200
SBT/job_295,300
SBT/job_295,400
SBT/job_295,500
SBT/job_295,600
SBT/job_295,700
SBT/job_295,800
SBT/job_295,900
SBT/job_296,0
SBT/job_296,100
SBT/job_296,200
SBT/job_296,300
SBT/job_296,400
SBT/job_296,500
SBT/job_296,600
SBT/job_296,700
SBT/job_296,800
SBT/job_296,900
SBT/job_297,0
SBT/job_297,100
SBT/job_297,200
SBT/job_297,300
SBT/job_297,400
SBT/job_297,500
SBT/job_297,600
SBT/job_297,700
SBT/job_297,800
SBT/job_297,900
SBT/job_298,0
SBT/job_298,100
SBT/job_298,200
SBT/job_298,300
SBT/job_298,400
SBT/job_298,500
SBT/job_298,600
SBT/job_298,700
SBT/job_298,800
SBT/job_298,900
SBT/job_299,0
SBT/job_299,100
SBT/job_299,200
SBT/job_299,300
SBT/job_299,400
SBT/job_299,500
SBT/job_299,600
SBT/job_299,700
SBT/job_299,800
SBT/job_299,900
SBT/job_3,0
SBT/job_3,100
SBT/job_3,200
SBT/job_3,300
SBT/job_3,400
SBT/job_3,500
SBT/job_3,600
SBT/job_3,700
SBT/job_3,800
SBT/job_3,900
SBT/job_30,0
SBT/job_30,100
SBT/job_30,200
SBT/job_30,300
SBT/job_30,400
SBT/job_30,500
SBT/job_30,600
SBT/job_30,700
SBT/job_30,800
SBT/job_30,900
SBT/job_300,0
SBT/job_300,100
SBT/job_300,200
SBT/job_300,300
SBT/job_300,400
SBT/job_300,500
SBT/job_300,600
SBT/job_300,700
SBT/job_300,800
SBT/job_300,900
SBT/job_301,0
SBT/job_301,100
SBT/job_301,200
SBT/job_301,300
SBT/job_301,400
SBT/job_301,500
SBT/job_301,600
SBT/job_301,700
SBT/job_301,800
SBT/job_301,900
SBT/job_302,0
SBT/job_302,100
SBT/job_302,200
SBT/job_302,300
SBT/job_302,400
SBT/job_302,500
SBT/job_302,600
SBT/job_302,700
SBT/job_302,800
SBT/job_302,900
SBT/job_303,0
SBT/job_303,100
SBT/job_303,200
SBT/job_303,300
SBT/job_303,400
SBT/job_303,500
SBT/job_303,600
SBT/job_303,700
SBT/job_303,800
SBT/job_303,900
SBT/job_304,0
SBT/job_304,100
SBT/job_304,200
SBT/job_304,300
SBT/job_304,400
SBT/job_304,500
SBT/job_304,600
SBT/job_304,700
SBT/job_304,800
SBT/job_304,900
SBT/job_305,0
SBT/job_305,100
SBT/job_305,200
SBT/job_305,300
SBT/job_305,400
SBT/job_305,500
SBT/job_305,600
SBT/job_305,700
SBT/job_305,800
SBT/job_305,900
SBT/job_306,0
SBT/job_306,100
SBT/job_306,200
SBT/job_306,300
SBT/job_306,400
SBT/job_306,500
SBT/job_306,600
SBT/job_306,700
SBT/job_306,800
SBT/job_306,900
SBT/job_307,0
SBT/job_307,100
SBT/job_307,200
SBT/job_307,300
SBT/job_307,400
SBT/job_307,500
SBT/job_307,600
SBT/job_307,700
SBT/job_307,800
SBT/job_307,900
SBT/job_308,0
SBT/job_308,100
SBT/job_308,200
SBT/job_308,300
SBT/job_308,400
SBT/job_308,500
SBT/job_308,600
SBT/job_308,700
SBT/job_308,800
SBT/job_308,900
SBT/job_309,0
SBT/job_309,100
SBT/job_309,200
SBT/job_309,300
SBT/job_309,400
SBT/job_309,500
SBT/job_309,600
SBT/job_309,700
SBT/job_309,800
SBT/job_309,900
SBT/job_31,0
SBT/job_31,100
SBT/job_31,200
SBT/job_31,300
SBT/job_31,400
SBT/job_31,500
SBT/job_31,600
SBT/job_31,700
SBT/job_31,800
SBT/job_31,900
SBT/job_310,0
SBT/job_310,100
SBT/job_310,200
SBT/job_310,300
SBT/job_310,400
SBT/job_310,500
SBT/job_310,600
SBT/job_310,700
SBT/job_310,800
SBT/job_310,900
SBT/job_311,0
SBT/job_311,100
SBT/job_311,200
SBT/job_311,300
SBT/job_311,400
SBT/job_311,500
SBT/job_311,600
SBT/job_311,700
SBT/job_311,800
SBT/job_311,900
SBT/job_312,0
SBT/job_312,100
SBT/job_312,200
SBT/job_312,300
SBT/job_312,400
SBT/job_312,500
SBT/job_312,600
SBT/job_312,700
SBT/job_312,800
SBT/job_312,900
SBT/job_313,0
SBT/job_313,100
SBT/job_313,200
SBT/job_313,300
SBT/job_313,400
SBT/job_313,500
SBT/job_313,600
SBT/job_313,700
SBT/job_313,800
SBT/job_313,900
SBT/job_314,0
SBT/job_314,100
SBT/job_314,200
SBT/job_314,300
SBT/job_314,400
SBT/job_314,500
SBT/job_314,600
SBT/job_314,700
SBT/job_314,800
SBT/job_314,900
SBT/job_315,0
SBT/job_315,100
SBT/job_315,200
SBT/job_315,300
SBT/job_315,400
SBT/job_315,500
SBT/job_315,600
SBT/job_315,700
SBT/job_315,800
SBT/job_315,900
SBT/job_316,0
SBT/job_316,100
SBT/job_316,200
SBT/job_316,300
SBT/job_316,400
SBT/job_316,500
SBT/job_316,600
SBT/job_316,700
SBT/job_316,800
SBT/job_316,900
SBT/job_317,0
SBT/job_317,100
SBT/job_317,200
SBT/job_317,300
SBT/job_317,400
SBT/job_317,500
SBT/job_317,600
SBT/job_317,700
SBT/job_317,800
SBT/job_317,900
SBT/job_318,0
SBT/job_318,100
SBT/job_318,200
SBT/job_318,300
SBT/job_318,400
SBT/job_318,500
SBT/job_318,600
SBT/job_318,700
SBT/job_318,800
SBT/job_318,900
SBT/job_319,0
SBT/job_319,100
SBT/job_319,200
SBT/job_319,300
SBT/job_319,400
SBT/job_319,500
SBT/job_319,600
SBT/job_319,700
SBT/job_319,800
SBT/job_319,900
SBT/job_32,0
SBT/job_32,100
SBT/job_32,200
SBT/job_32,300
SBT/job_32,400
SBT/job_32,500
SBT/job_32,600
SBT/job_32,700
SBT/job_32,800
SBT/job_32,900
SBT/job_320,0
SBT/job_320,100
SBT/job_320,200
SBT/job_320,300
SBT/job_320,400
SBT/job_320,500
SBT/job_320,600
SBT/job_320,700
SBT/job_320,800
SBT/job_320,900
SBT/job_321,0
SBT/job_321,100
SBT/job_321,200
SBT/job_321,300
SBT/job_321,400
SBT/job_321,500
SBT/job_321,600
SBT/job_321,700
SBT/job_321,800
SBT/job_321,900
SBT/job_322,0
SBT/job_322,100
SBT/job_322,200
SBT/job_322,300
SBT/job_322,400
SBT/job_322,500
SBT/job_322,600
SBT/job_322,700
SBT/job_322,800
SBT/job_322,900
SBT/job_323,0
SBT/job_323,100
SBT/job_323,200
SBT/job_323,300
SBT/job_323,400
SBT/job_323,500
SBT/job_323,600
SBT/job_323,700
SBT/job_323,800
SBT/job_323,900
SBT/job_324,0
SBT/job_324,100
SBT/job_324,200
SBT/job_324,300
SBT/job_324,400
SBT/job_324,500
SBT/job_324,600
SBT/job_324,700
SBT/job_324,800
SBT/job_324,900
SBT/job_325,0
SBT/job_325,100
SBT/job_325,200
SBT/job_325,300
SBT/job_325,400
SBT/job_325,500
SBT/job_325,600
SBT/job_325,700
SBT/job_325,800
SBT/job_325,900
SBT/job_326,0
SBT/job_326,100
SBT/job_326,200
SBT/job_326,300
SBT/job_326,400
SBT/job_326,500
SBT/job_326,600
SBT/job_326,700
SBT/job_326,800
SBT/job_326,900
SBT/job_327,0
SBT/job_327,100
SBT/job_327,200
SBT/job_327,300
SBT/job_327,400
SBT/job_327,500
SBT/job_327,600
SBT/job_327,700
SBT/job_327,800
SBT/job_327,900
SBT/job_328,0
SBT/job_328,100
SBT/job_328,200
SBT/job_328,300
SBT/job_328,400
SBT/job_328,500
SBT/job_328,600
SBT/job_328,700
SBT/job_328,800
SBT/job_328,900
SBT/job_329,0
SBT/job_329,100
SBT/job_329,200
SBT/job_329,300
SBT/job_329,400
SBT/job_329,500
SBT/job_329,600
SBT/job_329,700
SBT/job_329,800
SBT/job_329,900
SBT/job_33,0
SBT/job_33,100
SBT/job_33,200
SBT/job_33,300
SBT/job_33,400
SBT/job_33,500
SBT/job_33,600
SBT/job_33,700
SBT/job_33,800
SBT/job_33,900
SBT/job_330,0
SBT/job_330,100
SBT/job_330,200
SBT/job_330,300
SBT/job_330,400
SBT/job_330,500
SBT/job_330,600
SBT/job_330,700
SBT/job_330,800
SBT/job_330,900
SBT/job_331,0
SBT/job_331,100
SBT/job_331,200
SBT/job_331,300
SBT/job_331,400
SBT/job_331,500
SBT/job_331,600
SBT/job_331,700
SBT/job_331,800
SBT/job_331,900
SBT/job_332,0
SBT/job_332,100
SBT/job_332,200
SBT/job_332,300
SBT/job_332,400
SBT/job_332,500
SBT/job_332,600
SBT/job_332,700
SBT/job_332,800
SBT/job_332,900
SBT/job_333,0
SBT/job_333,100
SBT/job_333,200
SBT/job_333,300
SBT/job_333,400
SBT/job_333,500
SBT/job_333,600
SBT/job_333,700
SBT/job_333,800
SBT/job_333,900
SBT/job_334,0
SBT/job_334,100
SBT/job_334,200
SBT/job_334,300
SBT/job_334,400
SBT/job_334,500
SBT/job_334,600
SBT/job_334,700
SBT/job_334,800
SBT/job_334,900
SBT/job_335,0
SBT/job_335,100
SBT/job_335,200
SBT/job_335,300
SBT/job_335,400
SBT/job_335,500
SBT/job_335,600
SBT/job_335,700
SBT/job_335,800
SBT/job_335,900
SBT/job_336,0
SBT/job_336,100
SBT/job_336,200
SBT/job_336,300
SBT/job_336,400
SBT/job_336,500
SBT/job_336,600
SBT/job_336,700
SBT/job_336,800
SBT/job_336,900
SBT/job_337,0
SBT/job_337,100
SBT/job_337,200
SBT/job_337,300
SBT/job_337,400
SBT/job_337,500
SBT/job_337,600
SBT/job_337,700
SBT/job_337,800
SBT/job_337,900
SBT/job_338,0
SBT/job_338,100
SBT/job_338,200
SBT/job_338,300
SBT/job_338,400
SBT/job_338,500
SBT/job_338,600
SBT/job_338,700
SBT/job_338,800
SBT/job_338,900
SBT/job_339,0
SBT/job_339,100
SBT/job_339,200
SBT/job_339,300
SBT/job_339,400
SBT/job_339,500
SBT/job_339,600
SBT/job_339,700
SBT/job_339,800
SBT/job_339,900
SBT/job_34,0
SBT/job_34,100
SBT/job_34,200
SBT/job_34,300
SBT/job_34,400
SBT/job_34,500
SBT/job_34,600
SBT/job_34,700
SBT/job_34,800
SBT/job_34,900
SBT/job_340,0
SBT/job_340,100
SBT/job_340,200
SBT/job_340,300
SBT/job_340,400
SBT/job_340,500
SBT/job_340,600
SBT/job_340,700
SBT/job_340,800
SBT/job_340,900
SBT/job_341,0
SBT/job_341,100
SBT/job_341,200
SBT/job_341,300
SBT/job_341,400
SBT/job_341,500
SBT/job_341,600
SBT/job_341,700
SBT/job_341,800
SBT/job_341,900
SBT/job_342,0
SBT/job_342,100
SBT/job_342,200
SBT/job_342,300
SBT/job_342,400
SBT/job_342,500
SBT/job_342,600
SBT/job_342,700
SBT/job_342,800
SBT/job_342,900
SBT/job_343,0
SBT/job_343,100
SBT/job_343,200
SBT/job_343,300
SBT/job_343,400
SBT/job_343,500
SBT/job_343,600
SBT/job_343,700
SBT/job_343,800
SBT/job_343,900
SBT/job_344,0
SBT/job_344,100
SBT/job_344,200
SBT/job_344,300
SBT/job_344,400
SBT/job_344,500
SBT/job_344,600
SBT/job_344,700
SBT/job_344,800
SBT/job_344,900
SBT/job_345,0
SBT/job_345,100
SBT/job_345,200
SBT/job_345,300
SBT/job_345,400
SBT/job_345,500
SBT/job_345,600
SBT/job_345,700
SBT/job_345,800
SBT/job_345,900
SBT/job_346,0
SBT/job_346,100
SBT/job_346,200
SBT/job_346,300
SBT/job_346,400
SBT/job_346,500
SBT/job_346,600
SBT/job_346,700
SBT/job_346,800
SBT/job_346,900
SBT/job_347,0
SBT/job_347,100
SBT/job_347,200
SBT/job_347,300
SBT/job_347,400
SBT/job_347,500
SBT/job_347,600
SBT/job_347,700
SBT/job_347,800
SBT/job_347,900
SBT/job_348,0
SBT/job_348,100
SBT/job_348,200
SBT/job_348,300
SBT/job_348,400
SBT/job_348,500
SBT/job_348,600
SBT/job_348,700
SBT/job_348,800
SBT/job_348,900
SBT/job_349,0
SBT/job_349,100
SBT/job_349,200
SBT/job_349,300
SBT/job_349,400
SBT/job_349,500
SBT/job_349,600
SBT/job_349,700
SBT/job_349,800
SBT/job_349,900
SBT/job_35,0
SBT/job_35,100
SBT/job_35,200
SBT/job_35,300
SBT/job_35,400
SBT/job_35,500
SBT/job_35,600
SBT/job_35,700
SBT/job_35,800
SBT/job_35,900
SBT/job_350,0
SBT/job_350,100
SBT/job_350,200
SBT/job_350,300
SBT/job_350,400
SBT/job_350,500
SBT/job_350,600
SBT/job_350,700
SBT/job_350,800
SBT/job_350,900
SBT/job_351,0
SBT/job_351,100
SBT/job_351,200
SBT/job_351,300
SBT/job_351,400
SBT/job_351,500
SBT/job_351,600
SBT/job_351,700
SBT/job_351,800
SBT/job_351,900
SBT/job_352,0
SBT/job_352,100
SBT/job_352,200
SBT/job_352,300
SBT/job_352,400
SBT/job_352,500
SBT/job_352,600
SBT/job_352,700
SBT/job_352,800
SBT/job_352,900
SBT/job_353,0
SBT/job_353,100
SBT/job_353,200
SBT/job_353,300
SBT/job_353,400
SBT/job_353,500
SBT/job_353,600
SBT/job_353,700
SBT/job_353,800
SBT/job_353,900
SBT/job_354,0
SBT/job_354,100
SBT/job_354,200
SBT/job_354,300
SBT/job_354,400
SBT/job_354,500
SBT/job_354,600
SBT/job_354,700
SBT/job_354,800
SBT/job_354,900
SBT/job_355,0
SBT/job_355,100
SBT/job_355,200
SBT/job_355,300
SBT/job_355,400
SBT/job_355,500
SBT/job_355,600
SBT/job_355,700
SBT/job_355,800
SBT/job_355,900
SBT/job_356,0
SBT/job_356,100
SBT/job_356,200
SBT/job_356,300
SBT/job_356,400
SBT/job_356,500
SBT/job_356,600
SBT/job_356,700
SBT/job_356,800
SBT/job_356,900
SBT/job_357,0
SBT/job_357,100
SBT/job_357,200
SBT/job_357,300
SBT/job_357,400
SBT/job_357,500
SBT/job_357,600
SBT/job_357,700
SBT/job_357,800
SBT/job_357,900
SBT/job_358,0
SBT/job_358,100
SBT/job_358,200
SBT/job_358,300
SBT/job_358,400
SBT/job_358,500
SBT/job_358,600
SBT/job_358,700
SBT/job_358,800
SBT/job_358,900
SBT/job_359,0
SBT/job_359,100
SBT/job_359,200
SBT/job_359,300
SBT/job_359,400
SBT/job_359,500
SBT/job_359,600
SBT/job_359,700
SBT/job_359,800
SBT/job_359,900
SBT/job_36,0
SBT/job_36,100
SBT/job_36,200
SBT/job_36,300
SBT/job_36,400
SBT/job_36,500
SBT/job_36,600
SBT/job_36,700
SBT/job_36,800
SBT/job_36,900
SBT/job_360,0
SBT/job_360,100
SBT/job_360,200
SBT/job_360,300
SBT/job_360,400
SBT/job_360,500
SBT/job_360,600
SBT/job_360,700
SBT/job_360,800
SBT/job_360,900
SBT/job_361,0
SBT/job_361,100
SBT/job_361,200
SBT/job_361,300
SBT/job_361,400
SBT/job_361,500
SBT/job_361,600
SBT/job_361,700
SBT/job_361,800
SBT/job_361,900
SBT/job_362,0
SBT/job_362,100
SBT/job_362,200
SBT/job_362,300
SBT/job_362,400
SBT/job_362,500
SBT/job_362,600
SBT/job_362,700
SBT/job_362,800
SBT/job_362,900
SBT/job_363,0
SBT/job_363,100
SBT/job_363,200
SBT/job_363,300
SBT/job_363,400
SBT/job_363,500
SBT/job_363,600
SBT/job_363,700
SBT/job_363,800
SBT/job_363,900
SBT/job_364,0
SBT/job_364,100
SBT/job_364,200
SBT/job_364,300
SBT/job_364,400
SBT/job_364,500
SBT/job_364,600
SBT/job_364,700
SBT/job_364,800
SBT/job_364,900
SBT/job_365,0
SBT/job_365,100
SBT/job_365,200
SBT/job_365,300
SBT/job_365,400
SBT/job_365,500
SBT/job_365,600
SBT/job_365,700
SBT/job_365,800
SBT/job_365,900
SBT/job_366,0
SBT/job_366,100
SBT/job_366,200
SBT/job_366,300
SBT/job_366,400
SBT/job_366,500
SBT/job_366,600
SBT/job_366,700
SBT/job_366,800
SBT/job_366,900
SBT/job_367,0
SBT/job_367,100
SBT/job_367,200
SBT/job_367,300
SBT/job_367,400
SBT/job_367,500
SBT/job_367,600
SBT/job_367,700
SBT/job_367,800
SBT/job_367,900
SBT/job_368,0
SBT/job_368,100
SBT/job_368,200
SBT/job_368,300
SBT/job_368,400
SBT/job_368,500
SBT/job_368,600
SBT/job_368,700
SBT/job_368,800
SBT/job_368,900
SBT/job_369,0
SBT/job_369,100
SBT/job_369,200
SBT/job_369,300
SBT/job_369,400
SBT/job_369,500
SBT/job_369,600
SBT/job_369,700
SBT/job_369,800
SBT/job_369,900
SBT/job_37,0
SBT/job_37,100
SBT/job_37,200
SBT/job_37,300
SBT/job_37,400
SBT/job_37,500
SBT/job_37,600
SBT/job_37,700
SBT/job_37,800
SBT/job_37,900
SBT/job_370,0
SBT/job_370,100
SBT/job_370,200
SBT/job_370,300
SBT/job_370,400
SBT/job_370,500
SBT/job_370,600
SBT/job_370,700
SBT/job_370,800
SBT/job_370,900
SBT/job_371,0
SBT/job_371,100
SBT/job_371,200
SBT/job_371,300
SBT/job_371,400
SBT/job_371,500
SBT/job_371,600
SBT/job_371,700
SBT/job_371,800
SBT/job_371,900
SBT/job_372,0
SBT/job_372,100
SBT/job_372,200
SBT/job_372,300
SBT/job_372,400
SBT/job_372,500
SBT/job_372,600
SBT/job_372,700
SBT/job_372,800
SBT/job_372,900
SBT/job_373,0
SBT/job_373,100
SBT/job_373,200
SBT/job_373,300
SBT/job_373,400
SBT/job_373,500
SBT/job_373,600
SBT/job_373,700
SBT/job_373,800
SBT/job_373,900
SBT/job_374,0
SBT/job_374,100
SBT/job_374,200
SBT/job_374,300
SBT/job_374,400
SBT/job_374,500
SBT/job_374,600
SBT/job_374,700
SBT/job_374,800
SBT/job_374,900
SBT/job_375,0
SBT/job_375,100
SBT/job_375,200
SBT/job_375,300
SBT/job_375,400
SBT/job_375,500
SBT/job_375,600
SBT/job_375,700
SBT/job_375,800
SBT/job_375,900
SBT/job_376,0
SBT/job_376,100
SBT/job_376,200
SBT/job_376,300
SBT/job_376,400
SBT/job_376,500
SBT/job_376,600
SBT/job_376,700
SBT/job_376,800
SBT/job_376,900
SBT/job_377,0
SBT/job_377,100
SBT/job_377,200
SBT/job_377,300
SBT/job_377,400
SBT/job_377,500
SBT/job_377,600
SBT/job_377,700
SBT/job_377,800
SBT/job_377,900
SBT/job_378,0
SBT/job_378,100
SBT/job_378,200
SBT/job_378,300
SBT/job_378,400
SBT/job_378,500
SBT/job_378,600
SBT/job_378,700
SBT/job_378,800
SBT/job_378,900
SBT/job_379,0
SBT/job_379,100
SBT/job_379,200
SBT/job_379,300
SBT/job_379,400
SBT/job_379,500
SBT/job_379,600
SBT/job_379,700
SBT/job_379,800
SBT/job_379,900
SBT/job_38,0
SBT/job_38,100
SBT/job_38,200
SBT/job_38,300
SBT/job_38,400
SBT/job_38,500
SBT/job_38,600
SBT/job_38,700
SBT/job_38,800
SBT/job_38,900
SBT/job_380,0
SBT/job_380,100
SBT/job_380,200
SBT/job_380,300
SBT/job_380,400
SBT/job_380,500
SBT/job_380,600
SBT/job_380,700
SBT/job_380,800
SBT/job_380,900
SBT/job_381,0
SBT/job_381,100
SBT/job_381,200
SBT/job_381,300
SBT/job_381,400
SBT/job_381,500
SBT/job_381,600
SBT/job_381,700
SBT/job_381,800
SBT/job_381,900
SBT/job_382,0
SBT/job_382,100
SBT/job_382,200
SBT/job_382,300
SBT/job_382,400
SBT/job_382,500
SBT/job_382,600
SBT/job_382,700
SBT/job_382,800
SBT/job_382,900
SBT/job_383,0
SBT/job_383,100
SBT/job_383,200
SBT/job_383,300
SBT/job_383,400
SBT/job_383,500
SBT/job_383,600
SBT/job_383,700
SBT/job_383,800
SBT/job_383,900
SBT/job_384,0
SBT/job_384,100
SBT/job_384,200
SBT/job_384,300
SBT/job_384,400
SBT/job_384,500
SBT/job_384,600
SBT/job_384,700
SBT/job_384,800
SBT/job_384,900
SBT/job_385,0
SBT/job_385,100
SBT/job_385,200
SBT/job_385,300
SBT/job_385,400
SBT/job_385,500
SBT/job_385,600
SBT/job_385,700
SBT/job_385,800
SBT/job_385,900
SBT/job_386,0
SBT/job_386,100
SBT/job_386,200
SBT/job_386,300
SBT/job_386,400
SBT/job_386,500
SBT/job_386,600
SBT/job_386,700
SBT/job_386,800
SBT/job_386,900
SBT/job_387,0
SBT/job_387,100
SBT/job_387,200
SBT/job_387,300
SBT/job_387,400
SBT/job_387,500
SBT/job_387,600
SBT/job_387,700
SBT/job_387,800
SBT/job_387,900
SBT/job_388,0
SBT/job_388,100
SBT/job_388,200
SBT/job_388,300
SBT/job_388,400
SBT/job_388,500
SBT/job_388,600
SBT/job_388,700
SBT/job_388,800
SBT/job_388,900
SBT/job_389,0
SBT/job_389,100
SBT/job_389,200
SBT/job_389,300
SBT/job_389,400
SBT/job_389,500
SBT/job_389,600
SBT/job_389,700
SBT/job_389,800
SBT/job_389,900
SBT/job_39,0
SBT/job_39,100
SBT/job_39,200
SBT/job_39,300
SBT/job_39,400
SBT/job_39,500
SBT/job_39,600
SBT/job_39,700
SBT/job_39,800
SBT/job_39,900
SBT/job_390,0
SBT/job_390,100
SBT/job_390,200
SBT/job_390,300
SBT/job_390,400
SBT/job_390,500
SBT/job_390,600
SBT/job_390,700
SBT/job_390,800
SBT/job_390,900
SBT/job_391,0
SBT/job_391,100
SBT/job_391,200
SBT/job_391,300
SBT/job_391,400
SBT/job_391,500
SBT/job_391,600
SBT/job_391,700
SBT/job_391,800
SBT/job_391,900
SBT/job_392,0
SBT/job_392,100
SBT/job_392,200
SBT/job_392,300
SBT/job_392,400
SBT/job_392,500
SBT/job_392,600
SBT/job_392,700
SBT/job_392,800
SBT/job_392,900
SBT/job_393,0
SBT/job_393,100
SBT/job_393,200
SBT/job_393,300
SBT/job_393,400
SBT/job_393,500
SBT/job_393,600
SBT/job_393,700
SBT/job_393,800
SBT/job_393,900
SBT/job_394,0
SBT/job_394,100
SBT/job_394,200
SBT/job_394,300
SBT/job_394,400
SBT/job_394,500
SBT/job_394,600
SBT/job_394,700
SBT/job_394,800
SBT/job_394,900
SBT/job_395,0
SBT/job_395,100
SBT/job_395,200
SBT/job_395,300
SBT/job_395,400
SBT/job_395,500
SBT/job_395,600
SBT/job_395,700
SBT/job_395,800
SBT/job_395,900
SBT/job_396,0
SBT/job_396,100
SBT/job_396,200
SBT/job_396,300
SBT/job_396,400
SBT/job_396,500
SBT/job_396,600
SBT/job_396,700
SBT/job_396,800
SBT/job_396,900
SBT/job_397,0
SBT/job_397,100
SBT/job_397,200
SBT/job_397,300
SBT/job_397,400
SBT/job_397,500
SBT/job_397,600
SBT/job_397,700
SBT/job_397,800
SBT/job_397,900
SBT/job_398,0
SBT/job_398,100
SBT/job_398,200
SBT/job_398,300
SBT/job_398,400
SBT/job_398,500
SBT/job_398,600
SBT/job_398,700
SBT/job_398,800
SBT/job_398,900
SBT/job_399,0
SBT/job_399,100
SBT/job_399,200
SBT/job_399,300
SBT/job_399,400
SBT/job_399,500
SBT/job_399,600
SBT/job_399,700
SBT/job_399,800
SBT/job_399,900
SBT/job_4,0
SBT/job_4,100
SBT/job_4,200
SBT/job_4,300
SBT/job_4,400
SBT/job_4,500
SBT/job_4,600
SBT/job_4,700
SBT/job_4,800
SBT/job_4,900
SBT/job_40,0
SBT/job_40,100
SBT/job_40,200
SBT/job_40,300
SBT/job_40,400
SBT/job_40,500
SBT/job_40,600
SBT/job_40,700
SBT/job_40,800
SBT/job_40,900
SBT/job_400,0
SBT/job_400,100
SBT/job_400,200
SBT/job_400,300
SBT/job_400,400
SBT/job_400,500
SBT/job_400,600
SBT/job_400,700
SBT/job_400,800
SBT/job_400,900
SBT/job_401,0
SBT/job_401,100
SBT/job_401,200
SBT/job_401,300
SBT/job_401,400
SBT/job_401,500
SBT/job_401,600
SBT/job_401,700
SBT/job_401,800
SBT/job_401,900
SBT/job_402,0
SBT/job_402,100
SBT/job_402,200
SBT/job_402,300
SBT/job_402,400
SBT/job_402,500
SBT/job_402,600
SBT/job_402,700
SBT/job_402,800
SBT/job_402,900
SBT/job_403,0
SBT/job_403,100
SBT/job_403,200
SBT/job_403,300
SBT/job_403,400
SBT/job_403,500
SBT/job_403,600
SBT/job_403,700
SBT/job_403,800
SBT/job_403,900
SBT/job_404,0
SBT/job_404,100
SBT/job_404,200
SBT/job_404,300
SBT/job_404,400
SBT/job_404,500
SBT/job_404,600
SBT/job_404,700
SBT/job_404,800
SBT/job_404,900
SBT/job_405,0
SBT/job_405,100
SBT/job_405,200
SBT/job_405,300
SBT/job_405,400
SBT/job_405,500
SBT/job_405,600
SBT/job_405,700
SBT/job_405,800
SBT/job_405,900
SBT/job_406,0
SBT/job_406,100
SBT/job_406,200
SBT/job_406,300
SBT/job_406,400
SBT/job_406,500
SBT/job_406,600
SBT/job_406,700
SBT/job_406,800
SBT/job_406,900
SBT/job_407,0
SBT/job_407,100
SBT/job_407,200
SBT/job_407,300
SBT/job_407,400
SBT/job_407,500
SBT/job_407,600
SBT/job_407,700
SBT/job_407,800
SBT/job_407,900
SBT/job_408,0
SBT/job_408,100
SBT/job_408,200
SBT/job_408,300
SBT/job_408,400
SBT/job_408,500
SBT/job_408,600
SBT/job_408,700
SBT/job_408,800
SBT/job_408,900
SBT/job_409,0
SBT/job_409,100
SBT/job_409,200
SBT/job_409,300
SBT/job_409,400
SBT/job_409,500
SBT/job_409,600
SBT/job_409,700
SBT/job_409,800
SBT/job_409,900
SBT/job_41,0
SBT/job_41,100
SBT/job_41,200
SBT/job_41,300
SBT/job_41,400
SBT/job_41,500
SBT/job_41,600
SBT/job_41,700
SBT/job_41,800
SBT/job_41,900
SBT/job_410,0
SBT/job_410,100
SBT/job_410,200
SBT/job_410,300
SBT/job_410,400
SBT/job_410,500
SBT/job_410,600
SBT/job_410,700
SBT/job_410,800
SBT/job_410,900
SBT/job_411,0
SBT/job_411,100
SBT/job_411,200
SBT/job_411,300
SBT/job_411,400
SBT/job_411,500
SBT/job_411,600
SBT/job_411,700
SBT/job_411,800
SBT/job_411,900
SBT/job_412,0
SBT/job_412,100
SBT/job_412,200
SBT/job_412,300
SBT/job_412,400
SBT/job_412,500
SBT/job_412,600
SBT/job_412,700
SBT/job_412,800
SBT/job_412,900
SBT/job_413,0
SBT/job_413,100
SBT/job_413,200
SBT/job_413,300
SBT/job_413,400
SBT/job_413,500
SBT/job_413,600
SBT/job_413,700
SBT/job_413,800
SBT/job_413,900
SBT/job_414,0
SBT/job_414,100
SBT/job_414,200
SBT/job_414,300
SBT/job_414,400
SBT/job_414,500
SBT/job_414,600
SBT/job_414,700
SBT/job_414,800
SBT/job_414,900
SBT/job_415,0
SBT/job_415,100
SBT/job_415,200
SBT/job_415,300
SBT/job_415,400
SBT/job_415,500
SBT/job_415,600
SBT/job_415,700
SBT/job_415,800
SBT/job_415,900
SBT/job_416,0
SBT/job_416,100
SBT/job_416,200
SBT/job_416,300
SBT/job_416,400
SBT/job_416,500
SBT/job_416,600
SBT/job_416,700
SBT/job_416,800
SBT/job_416,900
SBT/job_417,0
SBT/job_417,100
SBT/job_417,200
SBT/job_417,300
SBT/job_417,400
SBT/job_417,500
SBT/job_417,600
SBT/job_417,700
SBT/job_417,800
SBT/job_417,900
SBT/job_418,0
SBT/job_418,100
SBT/job_418,200
SBT/job_418,300
SBT/job_418,400
SBT/job_418,500
SBT/job_418,600
SBT/job_418,700
SBT/job_418,800
SBT/job_418,900
SBT/job_419,0
SBT/job_419,100
SBT/job_419,200
SBT/job_419,300
SBT/job_419,400
SBT/job_419,500
SBT/job_419,600
SBT/job_419,700
SBT/job_419,800
SBT/job_419,900
SBT/job_42,0
SBT/job_42,100
SBT/job_42,200
SBT/job_42,300
SBT/job_42,400
SBT/job_42,500
SBT/job_42,600
SBT/job_42,700
SBT/job_42,800
SBT/job_42,900
SBT/job_420,0
SBT/job_420,100
SBT/job_420,200
SBT/job_420,300
SBT/job_420,400
SBT/job_420,500
SBT/job_420,600
SBT/job_420,700
SBT/job_420,800
SBT/job_420,900
SBT/job_421,0
SBT/job_421,100
SBT/job_421,200
SBT/job_421,300
SBT/job_421,400
SBT/job_421,500
SBT/job_421,600
SBT/job_421,700
SBT/job_421,800
SBT/job_421,900
SBT/job_422,0
SBT/job_422,100
SBT/job_422,200
SBT/job_422,300
SBT/job_422,400
SBT/job_422,500
SBT/job_422,600
SBT/job_422,700
SBT/job_422,800
SBT/job_422,900
SBT/job_423,0
SBT/job_423,100
SBT/job_423,200
SBT/job_423,300
SBT/job_423,400
SBT/job_423,500
SBT/job_423,600
SBT/job_423,700
SBT/job_423,800
SBT/job_423,900
SBT/job_424,0
SBT/job_424,100
SBT/job_424,200
SBT/job_424,300
SBT/job_424,400
SBT/job_424,500
SBT/job_424,600
SBT/job_424,700
SBT/job_424,800
SBT/job_424,900
SBT/job_425,0
SBT/job_425,100
SBT/job_425,200
SBT/job_425,300
SBT/job_425,400
SBT/job_425,500
SBT/job_425,600
SBT/job_425,700
SBT/job_425,800
SBT/job_425,900
SBT/job_426,0
SBT/job_426,100
SBT/job_426,200
SBT/job_426,300
SBT/job_426,400
SBT/job_426,500
SBT/job_426,600
SBT/job_426,700
SBT/job_426,800
SBT/job_426,900
SBT/job_427,0
SBT/job_427,100
SBT/job_427,200
SBT/job_427,300
SBT/job_427,400
SBT/job_427,500
SBT/job_427,600
SBT/job_427,700
SBT/job_427,800
SBT/job_427,900
SBT/job_428,0
SBT/job_428,100
SBT/job_428,200
SBT/job_428,300
SBT/job_428,400
SBT/job_428,500
SBT/job_428,600
SBT/job_428,700
SBT/job_428,800
SBT/job_428,900
SBT/job_429,0
SBT/job_429,100
SBT/job_429,200
SBT/job_429,300
SBT/job_429,400
SBT/job_429,500
SBT/job_429,600
SBT/job_429,700
SBT/job_429,800
SBT/job_429,900
SBT/job_43,0
SBT/job_43,100
SBT/job_43,200
SBT/job_43,300
SBT/job_43,400
SBT/job_43,500
SBT/job_43,600
SBT/job_43,700
SBT/job_43,800
SBT/job_43,900
SBT/job_430,0
SBT/job_430,100
SBT/job_430,200
SBT/job_430,300
SBT/job_430,400
SBT/job_430,500
SBT/job_430,600
SBT/job_430,700
SBT/job_430,800
SBT/job_430,900
SBT/job_431,0
SBT/job_431,100
SBT/job_431,200
SBT/job_431,300
SBT/job_431,400
SBT/job_431,500
SBT/job_431,600
SBT/job_431,700
SBT/job_431,800
SBT/job_431,900
SBT/job_432,0
SBT/job_432,100
SBT/job_432,200
SBT/job_432,300
SBT/job_432,400
SBT/job_432,500
SBT/job_432,600
SBT/job_432,700
SBT/job_432,800
SBT/job_432,900
SBT/job_433,0
SBT/job_433,100
SBT/job_433,200
SBT/job_433,300
SBT/job_433,400
SBT/job_433,500
SBT/job_433,600
SBT/job_433,700
SBT/job_433,800
SBT/job_433,900
SBT/job_434,0
SBT/job_434,100
SBT/job_434,200
SBT/job_434,300
SBT/job_434,400
SBT/job_434,500
SBT/job_434,600
SBT/job_434,700
SBT/job_434,800
SBT/job_434,900
SBT/job_435,0
SBT/job_435,100
SBT/job_435,200
SBT/job_435,300
SBT/job_435,400
SBT/job_435,500
SBT/job_435,600
SBT/job_435,700
SBT/job_435,800
SBT/job_435,900
SBT/job_436,0
SBT/job_436,100
SBT/job_436,200
SBT/job_436,300
SBT/job_436,400
SBT/job_436,500
SBT/job_436,600
SBT/job_436,700
SBT/job_436,800
SBT/job_436,900
SBT/job_437,0
SBT/job_437,100
SBT/job_437,200
SBT/job_437,300
SBT/job_437,400
SBT/job_437,500
SBT/job_437,600
SBT/job_437,700
SBT/job_437,800
SBT/job_437,900
SBT/job_438,0
SBT/job_438,100
SBT/job_438,200
SBT/job_438,300
SBT/job_438,400
SBT/job_438,500
SBT/job_438,600
SBT/job_438,700
SBT/job_438,800
SBT/job_438,900
SBT/job_439,0
SBT/job_439,100
SBT/job_439,200
SBT/job_439,300
SBT/job_439,400
SBT/job_439,500
SBT/job_439,600
SBT/job_439,700
SBT/job_439,800
SBT/job_439,900
SBT/job_44,0
SBT/job_44,100
SBT/job_44,200
SBT/job_44,300
SBT/job_44,400
SBT/job_44,500
SBT/job_44,600
SBT/job_44,700
SBT/job_44,800
SBT/job_44,900
SBT/job_440,0
SBT/job_440,100
SBT/job_440,200
SBT/job_440,300
SBT/job_440,400
SBT/job_440,500
SBT/job_440,600
SBT/job_440,700
SBT/job_440,800
SBT/job_440,900
SBT/job_441,0
SBT/job_45,0
SBT/job_45,100
SBT/job_45,200
SBT/job_45,300
SBT/job_45,400
SBT/job_45,500
SBT/job_45,600
SBT/job_45,700
SBT/job_45,800
SBT/job_45,900
SBT/job_46,0
SBT/job_46,100
SBT/job_46,200
SBT/job_46,300
SBT/job_46,400
SBT/job_46,500
SBT/job_46,600
SBT/job_46,700
SBT/job_46,800
SBT/job_46,900
SBT/job_47,0
SBT/job_47,100
SBT/job_47,200
SBT/job_47,300
SBT/job_47,400
SBT/job_47,500
SBT/job_47,600
SBT/job_47,700
SBT/job_47,800
SBT/job_47,900
SBT/job_48,0
SBT/job_48,100
SBT/job_48,200
SBT/job_48,300
SBT/job_48,400
SBT/job_48,500
SBT/job_48,600
SBT/job_48,700
SBT/job_48,800
SBT/job_48,900
SBT/job_49,0
SBT/job_49,100
SBT/job_49,200
SBT/job_49,300
SBT/job_49,400
SBT/job_49,500
SBT/job_49,600
SBT/job_49,700
SBT/job_49,800
SBT/job_49,900
SBT/job_5,0
SBT/job_5,100
SBT/job_5,200
SBT/job_5,300
SBT/job_5,400
SBT/job_5,500
SBT/job_5,600
SBT/job_5,700
SBT/job_5,800
SBT/job_5,900
SBT/job_50,0
SBT/job_50,100
SBT/job_50,200
SBT/job_50,300
SBT/job_50,400
SBT/job_50,500
SBT/job_50,600
SBT/job_50,700
SBT/job_50,800
SBT/job_50,900
SBT/job_51,0
SBT/job_51,100
SBT/job_51,200
SBT/job_51,300
SBT/job_51,400
SBT/job_51,500
SBT/job_51,600
SBT/job_51,700
SBT/job_51,800
SBT/job_51,900
SBT/job_52,0
SBT/job_52,100
SBT/job_52,200
SBT/job_52,300
SBT/job_52,400
SBT/job_52,500
SBT/job_52,600
SBT/job_52,700
SBT/job_52,800
SBT/job_52,900
SBT/job_53,0
SBT/job_53,100
SBT/job_53,200
SBT/job_53,300
SBT/job_53,400
SBT/job_53,500
SBT/job_53,600
SBT/job_53,700
SBT/job_53,800
SBT/job_53,900
SBT/job_54,0
SBT/job_54,100
SBT/job_54,200
SBT/job_54,300
SBT/job_54,400
SBT/job_54,500
SBT/job_54,600
SBT/job_54,700
SBT/job_54,800
SBT/job_54,900
SBT/job_55,0
SBT/job_55,100
SBT/job_55,200
SBT/job_55,300
SBT/job_55,400
SBT/job_55,500
SBT/job_55,600
SBT/job_55,700
SBT/job_55,800
SBT/job_55,900
SBT/job_56,0
SBT/job_56,100
SBT/job_56,200
SBT/job_56,300
SBT/job_56,400
SBT/job_56,500
SBT/job_56,600
SBT/job_56,700
SBT/job_56,800
SBT/job_56,900
SBT/job_57,0
SBT/job_57,100
SBT/job_57,200
SBT/job_57,300
SBT/job_57,400
SBT/job_57,500
SBT/job_57,600
SBT/job_57,700
SBT/job_57,800
SBT/job_57,900
SBT/job_58,0
SBT/job_58,100
SBT/job_58,200
SBT/job_58,300
SBT/job_58,400
SBT/job_58,500
SBT/job_58,600
SBT/job_58,700
SBT/job_58,800
SBT/job_58,900
SBT/job_59,0
SBT/job_59,100
SBT/job_59,200
SBT/job_59,300
SBT/job_59,400
SBT/job_59,500
SBT/job_59,600
SBT/job_59,700
SBT/job_59,800
SBT/job_59,900
SBT/job_6,0
SBT/job_6,100
SBT/job_6,200
SBT/job_6,300
SBT/job_6,400
SBT/job_6,500
SBT/job_6,600
SBT/job_6,700
SBT/job_6,800
SBT/job_6,900
SBT/job_60,0
SBT/job_60,100
SBT/job_60,200
SBT/job_60,300
SBT/job_60,400
SBT/job_60,500
SBT/job_60,600
SBT/job_60,700
SBT/job_60,800
SBT/job_60,900
SBT/job_61,0
SBT/job_61,100
SBT/job_61,200
SBT/job_61,300
SBT/job_61,400
SBT/job_61,500
SBT/job_61,600
SBT/job_61,700
SBT/job_61,800
SBT/job_61,900
SBT/job_62,0
SBT/job_62,100
SBT/job_62,200
SBT/job_62,300
SBT/job_62,400
SBT/job_62,500
SBT/job_62,600
SBT/job_62,700
SBT/job_62,800
SBT/job_62,900
SBT/job_63,0
SBT/job_63,100
SBT/job_63,200
SBT/job_63,300
SBT/job_63,400
SBT/job_63,500
SBT/job_63,600
SBT/job_63,700
SBT/job_63,800
SBT/job_63,900
SBT/job_64,0
SBT/job_64,100
SBT/job_64,200
SBT/job_64,300
SBT/job_64,400
SBT/job_64,500
SBT/job_64,600
SBT/job_64,700
SBT/job_64,800
SBT/job_64,900
SBT/job_65,0
SBT/job_65,100
SBT/job_65,200
SBT/job_65,300
SBT/job_65,400
SBT/job_65,500
SBT/job_65,600
SBT/job_65,700
SBT/job_65,800
SBT/job_65,900
SBT/job_66,0
SBT/job_66,100
SBT/job_66,200
SBT/job_66,300
SBT/job_66,400
SBT/job_66,500
SBT/job_66,600
SBT/job_66,700
SBT/job_66,800
SBT/job_66,900
SBT/job_67,0
SBT/job_67,100
SBT/job_67,200
SBT/job_67,300
SBT/job_67,400
SBT/job_67,500
SBT/job_67,600
SBT/job_67,700
SBT/job_67,800
SBT/job_67,900
SBT/job_68,0
SBT/job_68,100
SBT/job_68,200
SBT/job_68,300
SBT/job_68,400
SBT/job_68,500
SBT/job_68,600
SBT/job_68,700
SBT/job_68,800
SBT/job_68,900
SBT/job_69,0
SBT/job_69,100
SBT/job_69,200
SBT/job_69,300
SBT/job_69,400
SBT/job_69,500
SBT/job_69,600
SBT/job_69,700
SBT/job_69,800
SBT/job_69,900
SBT/job_7,0
SBT/job_7,100
SBT/job_7,200
SBT/job_7,300
SBT/job_7,400
SBT/job_7,500
SBT/job_7,600
SBT/job_7,700
SBT/job_7,800
SBT/job_7,900
SBT/job_70,0
SBT/job_70,100
SBT/job_70,200
SBT/job_70,300
SBT/job_70,400
SBT/job_70,500
SBT/job_70,600
SBT/job_70,700
SBT/job_70,800
SBT/job_70,900
SBT/job_71,0
SBT/job_71,100
SBT/job_71,200
SBT/job_71,300
SBT/job_71,400
SBT/job_71,500
SBT/job_71,600
SBT/job_71,700
SBT/job_71,800
SBT/job_71,900
SBT/job_72,0
SBT/job_72,100
SBT/job_72,200
SBT/job_72,300
SBT/job_72,400
SBT/job_72,500
SBT/job_72,600
SBT/job_72,700
SBT/job_72,800
SBT/job_72,900
SBT/job_73,0
SBT/job_73,100
SBT/job_73,200
SBT/job_73,300
SBT/job_73,400
SBT/job_73,500
SBT/job_73,600
SBT/job_73,700
SBT/job_73,800
SBT/job_73,900
SBT/job_74,0
SBT/job_74,100
SBT/job_74,200
SBT/job_74,300
SBT/job_74,400
SBT/job_74,500
SBT/job_74,600
SBT/job_74,700
SBT/job_74,800
SBT/job_74,900
SBT/job_75,0
SBT/job_75,100
SBT/job_75,200
SBT/job_75,300
SBT/job_75,400
SBT/job_75,500
SBT/job_75,600
SBT/job_75,700
SBT/job_75,800
SBT/job_75,900
SBT/job_76,0
SBT/job_76,100
SBT/job_76,200
SBT/job_76,300
SBT/job_76,400
SBT/job_76,500
SBT/job_76,600
SBT/job_76,700
SBT/job_76,800
SBT/job_76,900
SBT/job_77,0
SBT/job_77,100
SBT/job_77,200
SBT/job_77,300
SBT/job_77,400
SBT/job_77,500
SBT/job_77,600
SBT/job_77,700
SBT/job_77,800
SBT/job_77,900
SBT/job_78,0
SBT/job_78,100
SBT/job_78,200
SBT/job_78,300
SBT/job_78,400
SBT/job_78,500
SBT/job_78,600
SBT/job_78,700
SBT/job_78,800
SBT/job_78,900
SBT/job_79,0
SBT/job_79,100
SBT/job_79,200
SBT/job_79,300
SBT/job_79,400
SBT/job_79,500
SBT/job_79,600
SBT/job_79,700
SBT/job_79,800
SBT/job_79,900
SBT/job_8,0
SBT/job_8,100
SBT/job_8,200
SBT/job_8,300
SBT/job_8,400
SBT/job_8,500
SBT/job_8,600
SBT/job_8,700
SBT/job_8,800
SBT/job_8,900
SBT/job_80,0
SBT/job_80,100
SBT/job_80,200
SBT/job_80,300
SBT/job_80,400
SBT/job_80,500
SBT/job_80,600
SBT/job_80,700
SBT/job_80,800
SBT/job_80,900
SBT/job_81,0
SBT/job_81,100
SBT/job_81,200
SBT/job_81,300
SBT/job_81,400
SBT/job_81,500
SBT/job_81,600
SBT/job_81,700
SBT/job_81,800
SBT/job_81,900
SBT/job_82,0
SBT/job_82,100
SBT/job_82,200
SBT/job_82,300
SBT/job_82,400
SBT/job_82,500
SBT/job_82,600
SBT/job_82,700
SBT/job_82,800
SBT/job_82,900
SBT/job_83,0
SBT/job_83,100
SBT/job_83,200
SBT/job_83,300
SBT/job_83,400
SBT/job_83,500
SBT/job_83,600
SBT/job_83,700
SBT/job_83,800
SBT/job_83,900
SBT/job_84,0
SBT/job_84,100
SBT/job_84,200
SBT/job_84,300
SBT/job_84,400
SBT/job_84,500
SBT/job_84,600
SBT/job_84,700
SBT/job_84,800
SBT/job_84,900
SBT/job_85,0
SBT/job_85,100
SBT/job_85,200
SBT/job_85,300
SBT/job_85,400
SBT/job_85,500
SBT/job_85,600
SBT/job_85,700
SBT/job_85,800
SBT/job_85,900
SBT/job_86,0
SBT/job_86,100
SBT/job_86,200
SBT/job_86,300
SBT/job_86,400
SBT/job_86,500
SBT/job_86,600
SBT/job_86,700
SBT/job_86,800
SBT/job_86,900
SBT/job_87,0
SBT/job_87,100
SBT/job_87,200
SBT/job_87,300
SBT/job_87,400
SBT/job_87,500
SBT/job_87,600
SBT/job_87,700
SBT/job_87,800
SBT/job_87,900
SBT/job_88,0
SBT/job_88,100
SBT/job_88,200
SBT/job_88,300
SBT/job_88,400
SBT/job_88,500
SBT/job_88,600
SBT/job_88,700
SBT/job_88,800
SBT/job_88,900
SBT/job_89,0
SBT/job_89,100
SBT/job_89,200
SBT/job_89,300
SBT/job_89,400
SBT/job_89,500
SBT/job_89,600
SBT/job_89,700
SBT/job_89,800
SBT/job_89,900
SBT/job_9,0
SBT/job_9,100
SBT/job_9,200
SBT/job_9,300
SBT/job_9,400
SBT/job_9,500
SBT/job_9,600
SBT/job_9,700
SBT/job_9,800
SBT/job_9,900
SBT/job_90,0
SBT/job_90,100
SBT/job_90,200
SBT/job_90,300
SBT/job_90,400
SBT/job_90,500
SBT/job_90,600
SBT/job_90,700
SBT/job_90,800
SBT/job_90,900
SBT/job_91,0
SBT/job_91,100
SBT/job_91,200
SBT/job_91,300
SBT/job_91,400
SBT/job_91,500
SBT/job_91,600
SBT/job_91,700
SBT/job_91,800
SBT/job_91,900
SBT/job_92,0
SBT/job_92,100
SBT/job_92,200
SBT/job_92,300
SBT/job_92,400
SBT/job_92,500
SBT/job_92,600
SBT/job_92,700
SBT/job_92,800
SBT/job_92,900
SBT/job_93,0
SBT/job_93,100
SBT/job_93,200
SBT/job_93,300
SBT/job_93,400
SBT/job_93,500
SBT/job_93,600
SBT/job_93,700
SBT/job_93,800
SBT/job_93,900
SBT/job_94,0
SBT/job_94,100
SBT/job_94,200
SBT/job_94,300
SBT/job_94,400
SBT/job_94,500
SBT/job_94,600
SBT/job_94,700
SBT/job_94,800
SBT/job_94,900
SBT/job_95,0
SBT/job_95,100
SBT/job_95,200
SBT/job_95,300
SBT/job_95,400
SBT/job_95,500
SBT/job_95,600
SBT/job_95,700
SBT/job_95,800
SBT/job_95,900
SBT/job_96,0
SBT/job_96,100
SBT/job_96,200
SBT/job_96,300
SBT/job_96,400
SBT/job_96,500
SBT/job_96,600
SBT/job_96,700
SBT/job_96,800
SBT/job_96,900
SBT/job_97,0
SBT/job_97,100
SBT/job_97,200
SBT/job_97,300
SBT/job_97,400
SBT/job_97,500
SBT/job_97,600
SBT/job_97,700
SBT/job_97,800
SBT/job_97,900
SBT/job_98,0
SBT/job_98,100
SBT/job_98,200
SBT/job_98,300
SBT/job_98,400
SBT/job_98,500
SBT/job_98,600
SBT/job_98,700
SBT/job_98,800
SBT/job_98,900
SBT/job_99,0
SBT/job_99,100
SBT/job_99,200
SBT/job_99,300
SBT/job_99,400
SBT/job_99,500
SBT/job_99,600
SBT/job_99,700
SBT/job_99,800
SBT/job_99,900
Tr/job_0,0
Tr/job_0,100
Tr/job_0,200
Tr/job_0,300
Tr/job_0,400
Tr/job_0,500
Tr/job_0,600
Tr/job_0,700
Tr/job_0,800
Tr/job_0,900
Tr/job_1,0
Tr/job_1,100
Tr/job_1,200
Tr/job_1,300
Tr/job_1,400
Tr/job_1,500
Tr/job_1,600
Tr/job_1,700
Tr/job_1,800
Tr/job_1,900
Tr/job_10,0
Tr/job_10,100
Tr/job_10,200
Tr/job_10,300
Tr/job_10,400
Tr/job_10,500
Tr/job_10,600
Tr/job_10,700
Tr/job_10,800
Tr/job_10,900
Tr/job_11,0
Tr/job_11,100
Tr/job_11,200
Tr/job_11,300
Tr/job_11,400
Tr/job_11,500
Tr/job_11,600
Tr/job_11,700
Tr/job_11,800
Tr/job_11,900
Tr/job_12,0
Tr/job_12,100
Tr/job_12,200
Tr/job_12,300
Tr/job_12,400
Tr/job_12,500
Tr/job_12,600
Tr/job_12,700
Tr/job_12,800
Tr/job_12,900
Tr/job_13,0
Tr/job_13,100
Tr/job_13,200
Tr/job_13,300
Tr/job_13,400
Tr/job_13,500
Tr/job_13,600
Tr/job_13,700
Tr/job_13,800
Tr/job_13,900
Tr/job_14,0
Tr/job_14,100
Tr/job_14,200
Tr/job_14,300
Tr/job_14,400
Tr/job_14,500
Tr/job_14,600
Tr/job_14,700
Tr/job_14,800
Tr/job_14,900
Tr/job_15,0
Tr/job_15,100
Tr/job_15,200
Tr/job_15,300
Tr/job_15,400
Tr/job_15,500
Tr/job_15,600
Tr/job_15,700
Tr/job_15,800
Tr/job_15,900
Tr/job_16,0
Tr/job_16,100
Tr/job_16,200
Tr/job_16,300
Tr/job_16,400
Tr/job_16,500
Tr/job_16,600
Tr/job_16,700
Tr/job_16,800
Tr/job_16,900
Tr/job_17,0
Tr/job_17,100
Tr/job_17,200
Tr/job_17,300
Tr/job_17,400
Tr/job_17,500
Tr/job_17,600
Tr/job_17,700
Tr/job_17,800
Tr/job_17,900
Tr/job_18,0
Tr/job_18,100
Tr/job_18,200
Tr/job_18,300
Tr/job_18,400
Tr/job_18,500
Tr/job_18,600
Tr/job_18,700
Tr/job_18,800
Tr/job_18,900
Tr/job_19,0
Tr/job_19,100
Tr/job_19,200
Tr/job_19,300
Tr/job_19,400
Tr/job_19,500
Tr/job_19,600
Tr/job_19,700
Tr/job_19,800
Tr/job_19,900
Tr/job_2,0
Tr/job_2,100
Tr/job_2,200
Tr/job_2,300
Tr/job_2,400
Tr/job_2,500
Tr/job_2,600
Tr/job_2,700
Tr/job_2,800
Tr/job_2,900
Tr/job_20,0
Tr/job_20,100
Tr/job_20,200
Tr/job_20,300
Tr/job_20,400
Tr/job_20,500
Tr/job_20,600
Tr/job_20,700
Tr/job_20,800
Tr/job_20,900
Tr/job_21,0
Tr/job_21,100
Tr/job_21,200
Tr/job_21,300
Tr/job_21,400
Tr/job_21,500
Tr/job_21,600
Tr/job_21,700
Tr/job_21,800
Tr/job_21,900
Tr/job_22,0
Tr/job_22,100
Tr/job_22,200
Tr/job_22,300
Tr/job_22,400
Tr/job_22,500
Tr/job_22,600
Tr/job_22,700
Tr/job_22,800
Tr/job_22,900
Tr/job_23,0
Tr/job_23,100
Tr/job_23,200
Tr/job_23,300
Tr/job_23,400
Tr/job_23,500
Tr/job_23,600
Tr/job_23,700
Tr/job_23,800
Tr/job_23,900
Tr/job_24,0
Tr/job_24,100
Tr/job_24,200
Tr/job_24,300
Tr/job_24,400
Tr/job_24,500
Tr/job_24,600
Tr/job_24,700
Tr/job_24,800
Tr/job_24,900
Tr/job_25,0
Tr/job_25,100
Tr/job_25,200
Tr/job_25,300
Tr/job_25,400
Tr/job_25,500
Tr/job_25,600
Tr/job_25,700
Tr/job_25,800
Tr/job_25,900
Tr/job_26,0
Tr/job_26,100
Tr/job_26,200
Tr/job_26,300
Tr/job_26,400
Tr/job_26,500
Tr/job_26,600
Tr/job_26,700
Tr/job_26,800
Tr/job_26,900
Tr/job_27,0
Tr/job_27,100
Tr/job_27,200
Tr/job_27,300
Tr/job_27,400
Tr/job_27,500
Tr/job_27,600
Tr/job_27,700
Tr/job_27,800
Tr/job_27,900
Tr/job_28,0
Tr/job_28,100
Tr/job_28,200
Tr/job_28,300
Tr/job_28,400
Tr/job_28,500
Tr/job_28,600
Tr/job_28,700
Tr/job_28,800
Tr/job_28,900
Tr/job_29,0
Tr/job_29,100
Tr/job_29,200
Tr/job_29,300
Tr/job_29,400
Tr/job_29,500
Tr/job_29,600
Tr/job_29,700
Tr/job_29,800
Tr/job_29,900
Tr/job_3,0
Tr/job_3,100
Tr/job_3,200
Tr/job_3,300
Tr/job_3,400
Tr/job_3,500
Tr/job_3,600
Tr/job_3,700
Tr/job_3,800
Tr/job_3,900
Tr/job_30,0
Tr/job_30,100
Tr/job_30,200
Tr/job_30,300
Tr/job_30,400
Tr/job_30,500
Tr/job_30,600
Tr/job_30,700
Tr/job_30,800
Tr/job_30,900
Tr/job_31,0
Tr/job_31,100
Tr/job_31,200
Tr/job_31,300
Tr/job_31,400
Tr/job_31,500
Tr/job_31,600
Tr/job_31,700
Tr/job_31,800
Tr/job_31,900
Tr/job_32,0
Tr/job_32,100
Tr/job_32,200
Tr/job_32,300
Tr/job_32,400
Tr/job_32,500
Tr/job_32,600
Tr/job_32,700
Tr/job_32,800
Tr/job_32,900
Tr/job_33,0
Tr/job_33,100
Tr/job_33,200
Tr/job_33,300
Tr/job_33,400
Tr/job_33,500
Tr/job_33,600
Tr/job_33,700
Tr/job_33,800
Tr/job_33,900
Tr/job_34,0
Tr/job_34,100
Tr/job_34,200
Tr/job_34,300
Tr/job_34,400
Tr/job_34,500
Tr/job_34,600
Tr/job_34,700
Tr/job_34,800
Tr/job_34,900
Tr/job_35,0
Tr/job_35,100
Tr/job_35,200
Tr/job_35,300
Tr/job_35,400
Tr/job_35,500
Tr/job_35,600
Tr/job_35,700
Tr/job_35,800
Tr/job_35,900
Tr/job_36,0
Tr/job_36,100
Tr/job_36,200
Tr/job_36,300
Tr/job_36,400
Tr/job_36,500
Tr/job_36,600
Tr/job_36,700
Tr/job_36,800
Tr/job_36,900
Tr/job_37,0
Tr/job_37,100
Tr/job_37,200
Tr/job_37,300
Tr/job_37,400
Tr/job_37,500
Tr/job_37,600
Tr/job_37,700
Tr/job_37,800
Tr/job_37,900
Tr/job_38,0
Tr/job_38,100
Tr/job_38,200
Tr/job_38,300
Tr/job_38,400
Tr/job_38,500
Tr/job_38,600
Tr/job_38,700
Tr/job_38,800
Tr/job_38,900
Tr/job_39,0
Tr/job_39,100
Tr/job_39,200
Tr/job_39,300
Tr/job_39,400
Tr/job_39,500
Tr/job_39,600
Tr/job_39,700
Tr/job_39,800
Tr/job_39,900
Tr/job_4,0
Tr/job_4,100
Tr/job_4,200
Tr/job_4,300
Tr/job_4,400
Tr/job_4,500
Tr/job_4,600
Tr/job_4,700
Tr/job_4,800
Tr/job_4,900
Tr/job_40,0
Tr/job_40,100
Tr/job_40,200
Tr/job_40,300
Tr/job_40,400
Tr/job_40,500
Tr/job_40,600
Tr/job_40,700
Tr/job_40,800
Tr/job_40,900
Tr/job_41,0
Tr/job_41,100
Tr/job_41,200
Tr/job_41,300
Tr/job_41,400
Tr/job_41,500
Tr/job_41,600
Tr/job_41,700
Tr/job_41,800
Tr/job_41,900
Tr/job_42,0
Tr/job_42,100
Tr/job_42,200
Tr/job_42,300
Tr/job_42,400
Tr/job_42,500
Tr/job_42,600
Tr/job_42,700
Tr/job_42,800
Tr/job_42,900
Tr/job_43,0
Tr/job_43,100
Tr/job_43,200
Tr/job_43,300
Tr/job_43,400
Tr/job_43,500
Tr/job_43,600
Tr/job_43,700
Tr/job_43,800
Tr/job_43,900
Tr/job_44,0
Tr/job_44,100
Tr/job_44,200
Tr/job_44,300
Tr/job_44,400
Tr/job_44,500
Tr/job_44,600
Tr/job_44,700
Tr/job_44,800
Tr/job_44,900
Tr/job_45,0
Tr/job_45,100
Tr/job_45,200
Tr/job_45,300
Tr/job_45,400
Tr/job_45,500
Tr/job_45,600
Tr/job_45,700
Tr/job_45,800
Tr/job_45,900
Tr/job_46,0
Tr/job_46,100
Tr/job_46,200
Tr/job_46,300
Tr/job_46,400
Tr/job_46,500
Tr/job_46,600
Tr/job_46,700
Tr/job_46,800
Tr/job_46,900
Tr/job_47,0
Tr/job_47,100
Tr/job_47,200
Tr/job_47,300
Tr/job_47,400
Tr/job_47,500
Tr/job_47,600
Tr/job_47,700
Tr/job_47,800
Tr/job_47,900
Tr/job_48,0
Tr/job_48,100
Tr/job_48,200
Tr/job_48,300
Tr/job_48,400
Tr/job_48,500
Tr/job_48,600
Tr/job_48,700
Tr/job_48,800
Tr/job_48,900
Tr/job_49,0
Tr/job_49,100
Tr/job_49,200
Tr/job_49,300
Tr/job_49,400
Tr/job_49,500
Tr/job_49,600
Tr/job_49,700
Tr/job_49,800
Tr/job_49,900
Tr/job_5,0
Tr/job_5,100
Tr/job_5,200
Tr/job_5,300
Tr/job_5,400
Tr/job_5,500
Tr/job_5,600
Tr/job_5,700
Tr/job_5,800
Tr/job_5,900
Tr/job_50,0
Tr/job_50,100
Tr/job_50,200
Tr/job_50,300
Tr/job_50,400
Tr/job_50,500
Tr/job_50,600
Tr/job_50,700
Tr/job_50,800
Tr/job_50,900
Tr/job_51,0
Tr/job_51,100
Tr/job_51,200
Tr/job_51,300
Tr/job_51,400
Tr/job_51,500
Tr/job_51,600
Tr/job_51,700
Tr/job_51,800
Tr/job_51,900
Tr/job_52,0
Tr/job_52,100
Tr/job_52,200
Tr/job_52,300
Tr/job_52,400
Tr/job_52,500
Tr/job_52,600
Tr/job_52,700
Tr/job_52,800
Tr/job_52,900
Tr/job_53,0
Tr/job_53,100
Tr/job_53,200
Tr/job_53,300
Tr/job_53,400
Tr/job_53,500
Tr/job_53,600
Tr/job_53,700
Tr/job_53,800
Tr/job_53,900
Tr/job_54,0
Tr/job_54,100
Tr/job_54,200
Tr/job_54,300
Tr/job_54,400
Tr/job_54,500
Tr/job_54,600
Tr/job_54,700
Tr/job_54,800
Tr/job_54,900
Tr/job_55,0
Tr/job_55,100
Tr/job_55,200
Tr/job_55,300
Tr/job_55,400
Tr/job_55,500
Tr/job_55,600
Tr/job_55,700
Tr/job_55,800
Tr/job_55,900
Tr/job_56,0
Tr/job_56,100
Tr/job_56,200
Tr/job_56,300
Tr/job_56,400
Tr/job_56,500
Tr/job_56,600
Tr/job_56,700
Tr/job_56,800
Tr/job_56,900
Tr/job_57,0
Tr/job_57,100
Tr/job_57,200
Tr/job_57,300
Tr/job_57,400
Tr/job_57,500
Tr/job_57,600
Tr/job_57,700
Tr/job_57,800
Tr/job_57,900
Tr/job_58,0
Tr/job_58,100
Tr/job_58,200
Tr/job_58,300
Tr/job_58,400
Tr/job_58,500
Tr/job_58,600
Tr/job_58,700
Tr/job_58,800
Tr/job_58,900
Tr/job_59,0
Tr/job_59,100
Tr/job_59,200
Tr/job_59,300
Tr/job_59,400
Tr/job_59,500
Tr/job_59,600
Tr/job_59,700
Tr/job_59,800
Tr/job_59,900
Tr/job_6,0
Tr/job_6,100
Tr/job_6,200
Tr/job_6,300
Tr/job_6,400
Tr/job_6,500
Tr/job_6,600
Tr/job_6,700
Tr/job_6,800
Tr/job_6,900
Tr/job_60,0
Tr/job_60,100
Tr/job_60,200
Tr/job_60,300
Tr/job_60,400
Tr/job_60,500
Tr/job_60,600
Tr/job_60,700
Tr/job_60,800
Tr/job_60,900
Tr/job_61,0
Tr/job_61,100
Tr/job_61,200
Tr/job_61,300
Tr/job_61,400
Tr/job_61,500
Tr/job_61,600
Tr/job_61,700
Tr/job_61,800
Tr/job_61,900
Tr/job_62,0
Tr/job_62,100
Tr/job_62,200
Tr/job_62,300
Tr/job_62,400
Tr/job_62,500
Tr/job_62,600
Tr/job_62,700
Tr/job_62,800
Tr/job_62,900
Tr/job_63,0
Tr/job_63,100
Tr/job_63,200
Tr/job_63,300
Tr/job_63,400
Tr/job_63,500
Tr/job_63,600
Tr/job_63,700
Tr/job_63,800
Tr/job_63,900
Tr/job_64,0
Tr/job_64,100
Tr/job_64,200
Tr/job_64,300
Tr/job_64,400
Tr/job_64,500
Tr/job_64,600
Tr/job_64,700
Tr/job_64,800
Tr/job_64,900
Tr/job_65,0
Tr/job_65,100
Tr/job_65,200
Tr/job_65,300
Tr/job_65,400
Tr/job_65,500
Tr/job_65,600
Tr/job_65,700
Tr/job_65,800
Tr/job_65,900
Tr/job_66,0
Tr/job_66,100
Tr/job_66,200
Tr/job_66,300
Tr/job_66,400
Tr/job_66,500
Tr/job_66,600
Tr/job_66,700
Tr/job_66,800
Tr/job_66,900
Tr/job_7,0
Tr/job_7,100
Tr/job_7,200
Tr/job_7,300
Tr/job_7,400
Tr/job_7,500
Tr/job_7,600
Tr/job_7,700
Tr/job_7,800
Tr/job_7,900
Tr/job_8,0
Tr/job_8,100
Tr/job_8,200
Tr/job_8,300
Tr/job_8,400
Tr/job_8,500
Tr/job_8,600
Tr/job_8,700
Tr/job_8,800
Tr/job_8,900
Tr/job_9,0
Tr/job_9,100
Tr/job_9,200
Tr/job_9,300
Tr/job_9,400
Tr/job_9,500
Tr/job_9,600
Tr/job_9,700
Tr/job_9,800
Tr/job_9,900
